root@autodl-container-9zksunds2d-a2de688a:~/autodl-tmp/code/llm123/notebooks/ch7-gpt# OMP_NUM_THREADS=8 uv run ch7-step2-bpe-train.py
/root/autodl-tmp/code/llm123/notebooks/ch7-gpt/.venv/lib/python3.14/site-packages/torch/_subclasses/functional_tensor.py:368: UserWarning: Failed to initialize NumPy: No module named 'numpy' (Triggered internally at /__w/pytorch/pytorch/torch/csrc/utils/tensor_numpy.cpp:84.)
  cpu = _conversion_method_template(device=torch.device("cpu"))
[01:41:28] Begin BPE Training...
[01:41:28] ==============================================================================
[01:41:28] 训练 SentencePiece BPE 分词器
[01:41:28] ==============================================================================
[01:41:38]   分词器采样：100.09M 字符 / 1.12M 句
[01:41:47]   分词器采样：200.46M 字符 / 2.23M 句
[01:41:56]   分词器采样：300.24M 字符 / 3.30M 句
[01:42:06]   分词器采样：400.47M 字符 / 4.40M 句
[01:42:15]   分词器采样：500.26M 字符 / 5.51M 句
[01:42:24]   分词器采样：600.11M 字符 / 6.63M 句
[01:42:33]   分词器采样：700.38M 字符 / 7.74M 句
[01:42:42]   分词器采样：800.49M 字符 / 8.87M 句
[01:42:51]   分词器采样：900.43M 字符 / 10.00M 句
[01:43:00]   分词器采样：1.00B 字符 / 11.13M 句
[01:43:10]   分词器采样：1.10B 字符 / 12.28M 句
[01:43:19]   分词器采样：1.20B 字符 / 13.41M 句
[01:43:28]   分词器采样：1.30B 字符 / 14.55M 句
[01:43:37]   分词器采样：1.40B 字符 / 15.69M 句
[01:43:46]   分词器采样：1.50B 字符 / 16.80M 句
[01:43:56]   分词器采样：1.60B 字符 / 17.94M 句
[01:44:05]   分词器采样：1.70B 字符 / 19.07M 句
[01:44:14]   分词器采样：1.80B 字符 / 20.21M 句
[01:44:23]   分词器采样：1.90B 字符 / 21.34M 句
[01:44:32]   分词器采样：2.00B 字符 / 22.47M 句
[01:44:41]   分词器采样：2.10B 字符 / 23.58M 句
[01:44:50]   分词器采样：2.20B 字符 / 24.68M 句
[01:44:59]   分词器采样：2.30B 字符 / 25.80M 句
[01:45:08]   分词器采样：2.40B 字符 / 26.92M 句
[01:45:17]   分词器采样：2.50B 字符 / 28.05M 句
[01:45:26]   分词器采样：2.60B 字符 / 29.18M 句
[01:45:35]   分词器采样：2.70B 字符 / 30.30M 句
[01:45:44]   分词器采样：2.80B 字符 / 31.39M 句
[01:45:52]   分词器采样：2.90B 字符 / 32.49M 句
[01:46:01]   分词器采样：3.00B 字符 / 33.58M 句
[01:46:01]   分词器采样完成：3.00B 字符 / 33.58M 句，8213 MB，耗时 4m32s
[01:46:01]   开始训练 BPE（vocab_size=64000），这一步可能要几十分钟...
WARNING: All log messages before absl::InitializeLog() is called are written to STDERR
I0000 00:00:1789580761.905744    1982 sentencepiece_trainer.cc:105] Starts training with :
trainer_spec {
  input: ./token_bins/sp_sample.txt
  input_format:
  model_prefix: ./tokenizer
  model_type: BPE
  vocab_size: 64000
  self_test_sample_size: 0
  character_coverage: 0.9995
  input_sentence_size: 900000000
  shuffle_input_sentence: 1
  seed_sentencepiece_size: 1000000
  shrinking_factor: 0.75
  max_sentence_length: 8192
  num_threads: 22
  num_sub_iterations: 2
  max_sentencepiece_length: 16
  split_by_unicode_script: 1
  split_by_number: 1
  split_by_whitespace: 1
  split_digits: 0
  pretokenization_delimiter:
  treat_whitespace_as_suffix: 0
  allow_whitespace_only_pieces: 0
  required_chars:
  byte_fallback: 1
  vocabulary_output_piece_score: 1
  train_extremely_large_corpus: 0
  seed_sentencepieces_file:
  hard_vocab_limit: 1
  use_all_vocab: 0
  unk_id: 0
  bos_id: 1
  eos_id: 2
  pad_id: 3
  unk_piece: <unk>
  bos_piece: <s>
  eos_piece: </s>
  pad_piece: <pad>
  unk_surface:  ⁇
  enable_differential_privacy: 0
  differential_privacy_noise_level: 0
  differential_privacy_clipping_threshold: 0
}
normalizer_spec {
  name: identity
  add_dummy_prefix: 0
  remove_extra_whitespaces: 0
  escape_whitespaces: 1
  normalization_rule_tsv:
}
denormalizer_spec {}
I0000 00:00:1789580761.905809    1982 trainer_interface.cc:364] SentenceIterator is not specified. Using MultiFileSentenceIterator.
I0000 00:00:1789580761.905838    1982 trainer_interface.cc:193] Loading corpus: ./token_bins/sp_sample.txt
I0000 00:00:1789580762.296601    1982 trainer_interface.cc:155] Loaded 1000000 lines
I0000 00:00:1789580762.426418    1982 trainer_interface.cc:404] Reserved chars are found. Skipped: ▅要设法消除患者的心理创伤,以“要言妙道”的方式加以疏导,指导患者接受现实,积极行动去获得成功和喜悦。
I0000 00:00:1789580762.426440    1982 trainer_interface.cc:404] Reserved chars are found. Skipped: ▅正确对待自己的性格缺陷,要加 强对患者意志品质的训练,注意培养开阔的心胸和脚踏实地的精神。
I0000 00:00:1789580762.426442    1982 trainer_interface.cc:404] Reserved chars are found. Skipped: ▅要注意缓解紧张情绪,为患者创 造一个舒适、轻松的环境,紧张情绪是酝酿癔症的温床。
I0000 00:00:1789580762.426447    1982 trainer_interface.cc:404] Reserved chars are found. Skipped: ▅要正确对待癔症患者,癔症并无 神经系统的器质性病变,一旦诱因消失,患者会霍然而愈。
I0000 00:00:1789580762.715337    1982 trainer_interface.cc:155] Loaded 2000000 lines
I0000 00:00:1789580763.142698    1982 trainer_interface.cc:155] Loaded 3000000 lines
I0000 00:00:1789580763.505065    1982 trainer_interface.cc:155] Loaded 4000000 lines
I0000 00:00:1789580763.689525    1982 trainer_interface.cc:404] Reserved chars are found. Skipped: 胎心监护是胎心胎动宫缩图的简 称,是应用胎心率电子监护仪将胎心率曲线和宫缩压力波形记下来供临床分析的图形,是正确评估胎儿宫内的状况的主要检测手段.采用微波技术,对小孩胎心监护是胎心胎动宫缩图的简称,是应用胎心率电子监护仪将胎心率曲线和宫缩压力波形记下来供临床分析的图形,是正确评估胎儿宫内的状况的主要检测手段.采用微波技术,对小孩没有危害,只需要买胎心检测仪即可。尤其是怀孕4月个以后,自己对baby监护很重要。有趣的事有时还能 够听到baby的打嗝声。胎心监护检查是利用超声波的原理对胎儿在宫内的情况进行监测,对胎儿是安全的。目录胎心监护概述胎心监护检查的内容 胎心监护怎么看胎心异常的表现及原因安全性胎心监护的方法如何听胎心数胎动胎心监护胎心监护是由韩国bistos生产的国际知名品牌。韩国bistos是生物信号全面解决方案(bio signal total sol tion)的缩写。长期专注于研究、发展、制造超声和光学领域的医疗设备。高新科技的应用以 及符合人机工程学的设计,不仅使得产品造型优美,更为您提供可靠的品质。我们坚持不懈地基于最前沿的新技术研发、升级医疗设备,提供给韩国 本土市场并在国际市场上取得了良好的成绩。并承诺致力于为您提供最高的产品品质和最优秀的服务!  ▅ 高灵敏度的双通道2mhz 7-晶体宽波束脉冲波超声探头,可以获得更大的聚焦区,在更大的深度实现更加均匀的覆盖 ▅ 采用稳定可靠的全数字方式采集信号,可以及早发现妊娠初期的胎心率,一直到分娩,无论孕妇何种状况,甚至肥胖,均可轻松检测  ▅ 专利的高速微处理器,先进的实时自动校正胎心率处理技术,脉冲波自相关和过零检测算法,为您提供精确检测结果 ▅ 3.2英寸彩色大屏幕lcd液晶显示,极大程度地方便您的观察 万能爸爸,wnbaba.com ▅ 一键式操作操作简单,您所需 要的功能只需一次按键即可实现,给您更多的时间进行床旁照顾 ▅ 采用防水探头,可监测水下分娩  ▅ 独特的探头防滑设计和探头保护装置,让您避免探头损坏放心使用  ▅ 主动降噪,高保真音质,提供清晰洪亮的胎心音,音量大小可调 ▅ 宽范围胎心率检测 ▅ 坚固、时尚、轻便,内置隐藏式提手方便携带,重量仅为1.5千克 ▅ 充电安全具备完善的充电电路控制、过温控制和过流保护功能 ▅ 内置可充电镍氢电池组,连续工作长达5小时  ▅ 整机低功耗设计,独特电源管理和自动切断技术,可选自动关机时间,保护电池寿命 强大的专业品质让您从容应对一目了然 ▅ 标准配备事件标记功能,便于轻松注解胎动和其他临床事件,让您的工作更加专业 ▅ 轻松切换:专业的多人次胎心记录图表显示、清晰的胎心率曲线和超大直观的数字显示 模式 ▅ 胎心率信号动态显示,信号质量提示,形象直观 ▅ 内存记忆功能,有长达4个小时的胎心数据保存时间,实时或者往复重放胎心率曲线 ▅ 作为网络系统的独立单元,升级通过蓝牙或者电缆线连接组成中央站工作系统 ▅ 通过了美国fda和欧盟的ce认证概述 胎心监护是胎心胎动宫缩图的简称,是应用胎心率电子监护仪将胎心率曲线和宫缩压力波形记下来供临床分析的图形,是正确评估胎儿宫内的状况的主要检测手段.采用微波技术,对小孩没有危害,只需要买胎心检测仪即可。尤其是怀孕4月个以后,自己对baby监护很重要。有趣的事有时还能够听到baby的打嗝声。胎心监护上主要 是两条线,上面一条是胎心率,正常情况下波动在120-160之间,一般基础心率线表现为一条波形直线,出现胎动时心率会上升,出现一个向上突起的曲线,胎动结束后会慢慢下降,胎动计数30次12小时为正常,10次每12小时提示胎儿缺氧。 下面一条表示宫内压力,只要在宫缩时会增高,随后会保持20mmhg左右。胎心监护检查的内容 胎心监护胎儿心率受交感神经和副交感神经调节,通过信号描记瞬间的胎心变化所形成的监护图形的曲线,可以了 解胎动时、宫缩时胎心的反应,以推测宫内胎儿有无缺氧。正常妊娠从怀孕第37周开始每周做一次胎心监护,如有合并症或并发症,可以从怀孕第28~30周开始做。应注意胎心音的节律性是否忽快忽慢等,正常胎心音120~160次分,如果胎心音160次分以上或持续100次分都表示胎儿宫内缺氧,应及时治疗。胎心监护怎么看 胎心监护上主要是两条线,上面一条是胎心率,正常情况下波动在120-160之间,一般表现为基础心率线表现为一条波形直线,出现胎动时心率会上升,出现一个向上突起的曲线,胎动结束后会慢慢下降,胎动计数30次24小时为正常,10次每12小时提示胎儿缺氧。 下面一条表 示宫内压力,只要在子缩时会增高,随后会保持20mmhg左右。胎心异常的表现及原因 胎儿正常的心率是在120次分~160次分之间,若胎心率持续10分 钟以上都120分或160分,表明胎心率是异常的。目前胎心监护仪应用已较为普及,在胎心临护时,发现有胎心图形有异常,也常常用来表示胎心异常。胎心异常多数情况下是代表胎儿在宫内有缺氧,
I0000 00:00:1789580763.911255    1982 trainer_interface.cc:155] Loaded 5000000 lines
I0000 00:00:1789580764.213156    1982 trainer_interface.cc:155] Loaded 6000000 lines
I0000 00:00:1789580764.255248    1982 trainer_interface.cc:404] Reserved chars are found. Skipped: 纠正"震卦反装"等谬误 张德 前 些年,易界流行着一种"纳支新说",曾经风靡一时,其大意是- 自从京房创造纳甲法以来,纳甲筮法就成了周易预测的大宗之法,并沿袭至今。无任是 古代大贤,还是当今圣手,都在使用。然而,大家不知是否注意到这个问题:即"乾"与"震"的纳支是一样的!不知千百年来,是否有人怀疑过?我认为这 可能是一个错误,不过这可能是别人传抄错误,因为谁也没有见过京房的手迹。而我认为正确的应该是这样: 震宫:震为雷(六冲) ▅▅ ▅▅ 辰土 世 ▅▅ ▅▅ 寅木 ▅▅▅▅▅ 子水 ▅▅ ▅▅ 戌土 应 ▅▅ ▅▅ 申金 ▅▅▅▅▅ 午火 依据是:八卦中,阳卦为:乾、坎、艮、震,其纳支为阳,初爻纳支分别为子、寅、辰 、?;阴卦为:巽、离、坤、兑,纳支为阴,初爻纳支分别为:丑、卯、未、巳,前四对地支中独缺"午"字,而此"午"正是震卦的起始纳支。 另外,按照太极图的方向,"坤"卦和"兑"卦的纳支也可能是错的,它们颠倒了,可能应该为: 坤宫:坤为地(六冲) ▅▅ ▅▅ 未土 世 ▅▅ ▅▅ 酉金 ▅▅ ▅▅ 亥水 ▅▅ ▅▅  丑土 应 ▅▅ ▅▅ 卯木 ▅▅ ▅▅ 巳火 兑宫:兑为泽(六冲) ▅▅ ▅▅ 酉金 世 ▅▅▅▅▅ 亥水 ▅▅▅▅▅ 丑土 ▅▅ ▅▅ 卯木 应 ▅▅▅▅▅ 巳火 ▅▅▅▅▅ 未土 如果这样,那么,按照太极图的方向,阳卦顺序为:乾、坎、艮、震,其纳支为阳,初爻纳支依次分别为子、寅、辰、午;阴卦顺序为:巽、离、坤、兑,纳支为阴,初爻纳支分别为:丑、卯、未、巳,分别为十二地支的前四阳支和前四阴支,这就符合排列规律,才顺理成章。 以上观点,希望大家热烈批判。 (也许根本就没有正确的,即纳甲的排列都是错的,京房为什么这样排?根据是什么?) 以上就是该"纳支新说"的大意。 那段时期,正值六爻界兵分多路,力 图从各个渠道发掘、改善传统方法。看到该"纳支新说",开始时张德也觉得很震撼,然后专门花时间深入其间,查找相关资料...终于在田合禄著《周易真原-中国最古老的天学科学体系》和卢央著《京氏易传解读》中找到了答案- 京房以天文历法为理论依据建构了涵括日月星辰、四象五行、天 地阴阳、纳甲、纳支、建候、积算、气候分数在内的庞大有序的宇宙模式图,以其推天道讲人事,合天人于一体。 现今的六爻术是由火珠林发展而 来的。火珠林是一种易卦占法,其特点是以钱代蓍,占法取京氏纳支法。 京房纳支说遵循的原则是《说卦传》乾坤父母生六子法。卢央在《京氏易 传解读》一书中认为,每一对夫妻阴阳卦六爻的排列是根据历法及生律纳入的。其实这种隔八生律法及音律应支法乃是源于日月地运动规律、是有 天文背景的,并非空穴来风。 京房纳甲说,其理论依据是月体纳甲图。而月体纳甲图亦源于日月地运动规律,同样有其天文背景。 京房纳支说缘自 音律,其天文和人伦根据是- 1、阳气自下生,故阳卦纳阳支,自下而上顺行: (1)、乾天知大始,故初爻纳子,自下而上,上爻纳戌。 (2)、震得乾之初,故初爻纳子,自下而上,上爻纳戌。 (3)、坎得乾之中,故初爻纳寅,自下而上,上爻纳子。 (4)、艮得乾之上,故初爻纳辰,自下而上,上爻纳寅。 2 、阴气自上生,故阴卦纳阴支,自上而下逆行: (1)动于天之下,则应于地之下;动于天之中,则应于地之中;动于天之下,则应于地之下。故坤之四爻纳丑合于乾之初爻子;五爻纳亥合于乾之二爻寅,依次类推。 (2)、兑得坤之初,故上爻纳未,自上而下,初爻纳巳。 (3)、离得坤之中,故上爻纳巳,自 上而下,初爻纳卯。 (4)、巽得坤之上,故上爻纳卯,自上而下,初爻纳丑。 长子主器,秉承父性,故乾健而震动。巽为长女,秉承母性,故坤顺而巽入 。阴阳正配的四组卦中,只有震巽六爻相对而合,故《雷风恒》讲夫妇之道,伦之始也。 至于纳干则是根据月象,完全从人伦角度不能说明问题。 详细答案尽在田合禄著《周易真原》和卢央著《京氏易传解读》中,此处不再赘述。 再者,六爻扫描、模拟客观现实,正因乾震二卦纳支相同,所以才 有了"伏吟",才反映出了现实生活中"想动不能动、动如不动、犹豫不决、徘徊不前、原地踏步、原地打转、兜圈子、痛苦忧虑呻吟、欲言又止、结结巴巴、罗罗嗦嗦、婆婆妈妈"等现象。 "五岳归来不看山"。谈到"太极图的方向",只要看过田合禄著《周易真原》中"原始实测太极图"一文,就会觉得提出"纳支新说"这位学者的认识还很肤浅。 各种凿空之论、谬悠之说可以息矣!
I0000 00:00:1789580764.515707    1982 trainer_interface.cc:155] Loaded 7000000 lines
I0000 00:00:1789580764.628150    1982 trainer_interface.cc:404] Reserved chars are found. Skipped: <end>地磁传感器可用于检测车辆的け存在和车型识别。利用车辆通过道路时对地球磁场的影响来完成车辆检测的传感器与目前常用的地磁线圈（又称地感线圈）检测器相比な，具有安装尺寸小、灵を敏度高、施工量小、使用寿命长，对路面的破坏小（有线安装只需要在路面▅开一条5毫米宽的缝，无线安装只需要在路面打一个直径55 毫米深150毫米的男洞，当在检测点吊架或侧面安装时不用破坏路面）等优点，在智能交通系统的信息采集中べ必将起到非常重要的∷作 用。
I0000 00:00:1789580764.819973    1982 trainer_interface.cc:155] Loaded 8000000 lines
I0000 00:00:1789580765.286244    1982 trainer_interface.cc:155] Loaded 9000000 lines
I0000 00:00:1789580765.587805    1982 trainer_interface.cc:155] Loaded 10000000 lines
I0000 00:00:1789580765.886297    1982 trainer_interface.cc:155] Loaded 11000000 lines
I0000 00:00:1789580766.193735    1982 trainer_interface.cc:155] Loaded 12000000 lines
I0000 00:00:1789580766.501027    1982 trainer_interface.cc:155] Loaded 13000000 lines
I0000 00:00:1789580766.813586    1982 trainer_interface.cc:155] Loaded 14000000 lines
I0000 00:00:1789580767.120380    1982 trainer_interface.cc:155] Loaded 15000000 lines
I0000 00:00:1789580767.425275    1982 trainer_interface.cc:155] Loaded 16000000 lines
I0000 00:00:1789580768.073763    1982 trainer_interface.cc:155] Loaded 17000000 lines
I0000 00:00:1789580768.385571    1982 trainer_interface.cc:155] Loaded 18000000 lines
I0000 00:00:1789580768.598033    1982 trainer_interface.cc:404] Reserved chars are found. Skipped: ▅
I0000 00:00:1789580768.598052    1982 trainer_interface.cc:404] Reserved chars are found. Skipped: ▅
I0000 00:00:1789580768.691407    1982 trainer_interface.cc:155] Loaded 19000000 lines
I0000 00:00:1789580768.961740    1982 trainer_interface.cc:404] Reserved chars are found. Skipped: ▅▅▅▅▅
I0000 00:00:1789580768.961760    1982 trainer_interface.cc:404] Reserved chars are found. Skipped: ▅▅▅▅
I0000 00:00:1789580768.995848    1982 trainer_interface.cc:155] Loaded 20000000 lines
I0000 00:00:1789580769.298559    1982 trainer_interface.cc:155] Loaded 21000000 lines
I0000 00:00:1789580769.425896    1982 trainer_interface.cc:404] Reserved chars are found. Skipped: 尚氏考《易林》,得西汉失传众多逸象,而与《周易》经文直接有关的就有一百七十余象。 现根据《焦氏易林注》所记,逐一辨析,去除可疑,归纳其要,以期同《说卦》合并为可指导今人的实用参考。 -原文: 乾逸象 为日、《乾》九三"君子终日乾乾。" 《彖》"大明终始",大明即日。《晋》彖传"顺而丽乎大明",是。 河海、 《同人》"利涉大川。" 山陵、《同人》"升其高陵。" 石、《说卦》"乾为玉。" 南、《同人》荀注:"乾舍于离,相与同居。" 虎、《文言》"风从 虎","履虎尾。" 大川、见《同人》。 -不二禅评:"日"、"南方",皆《离》象,《乾》健类《离》; "虎"威猛类龙;"石"之坚类《说卦》金玉、寒冰,当信之。 怀疑《乾》山、河之象。查《焦氏易诂》,仅为解《同人》卦辞"利涉大川"、九三辞"升其高陵"而断有本象,似甚牵强。 天火同人 ▅▅▅▅▅ ▅▅▅▅▅ ▅▅▅▅▅ ▅▅▅▅▅ ▅▅ ▅▅ ▅▅▅▅▅ 《同人》卦上《巽》下半《坎》,舟在水中,乘风而行,所以"利涉大川。" 九三"升其高陵" ,因处《艮》变象之 巅。 无《乾》象山、河之理。 -原文: 坤逸象 为水、《益》"利涉大川。" 江淮河海、鱼、《剥》"贯鱼。" 蛇、上《系》"龙蛇之蛰。" 渊、《 讼彖传》"入于渊。" 云、《小过》"密云不雨。" 墟、《升》"虚邑。" 茅茹、《否》"拔茅连茹。" 逆、坤逆行。《乾凿度》"坤右行,阴时六。" 北、先天。 心、《益》九五"有孚惠心。" 志、《益》九五"大得志。" 忧、《泰》九三"勿恤。" 《升彖》"勿恤。" 疾病、《复》"出入无疾",《损》六四"损其疾。" 毒、《师》"以此毒天下。" 劳、坤役天下,故劳。 风、《文言》"风从虎。"《内经》谓"风,士气所生。" 野、龙战于野。  郊、《小畜》"自我西郊。"郊用伏坤。 原、《比》"原筮,元永贞。" -不二禅评: 这里计有:水、江淮河海、鱼、蛇、渊、云、墟、茅茹、逆、北 、心、志、忧、疾病、毒、劳、风、野、郊、原等逸象。可归纳为三类: 一、类《坎》象。北方、水、江淮河海、渊,以及可关联的云、鱼、蛇。 蛇还有曲折、柔顺、阴险等《坎》意。 二、患之象。心、志、忧、疾病、毒、劳、逆,缘于《坤》多承受苦难而隐忍不发。 三、荒地、田园之象 。此为《坤》地的延伸,野、郊、原即是。"墟",趋于平地。关联荒原的还有:茅茹、风。 "茅茹"、"风"两者还有柔顺而乱之象,《易林》《屯》之 《坤》辞曰"采薪得麟",可见《坤》还有"薪"象,其理同"茅茹"。 最值得审视的是"风",其引《内经》考证似有些不类。《易·乾》:"同声相应,同气相求。水流湿,火就燥。云从龙,风从虎。圣人作而万物睹。"后因以"风从虎,云从龙"比喻事物之间的相互感应,既然"龙","虎"为《乾》象,"云"为 《坤》象,则"风"为《坤》,也是可信的。 风在《说卦》为《巽》之象,《坤》有曲柔伸展,漂游不定的特点,这与《巽》风同,水、鱼、茅茹、甚至 忧、病都有此方面特点。 另外,"云从龙,风从虎",依次解释为《坤》《乾》《巽》《震》四卦,似也通。本象非取自卦辞而是《文言》,有道理,可 参考,不足信。 "原"象也是需要注意的。 此象出于《比》"原筮,元永贞。" 尚秉和:"原筮,犹言野筮也。《仪礼·士丧礼》筮于兆域,兆域在郊外, 即原筮也。" 如此解释"原"为原野,当然为《坤》象。 但"原筮"之"原",历代颇有争议: 干宝以"原筮"为卜筮:"原,卜也。《周礼》三卜,一曰原兆...";苏轼则认为:"原,再也。再筮,慎之至也。" 朱熹亦谓:"再筮以自审。" 此是以"原筮"为再筮;孔颖达:"原谓原穷比者根本,筮谓筮决求比之情。" 李鼎祚:"能原究筮道,以求长正。" 此是以"原筮"为原穷真情而筮决之,当"原"如这些解释时,则非《坤》象。 这里的"原",本人以为应解为原野,《尔雅》:"广平曰原。" 《比》卦辞:"比吉,原筮,元永贞。" "比",甲骨文字形象两人步调一致,并排比肩而行。 到原野求筮,可纳更多人众,不隐 瞒任何私情,显示兄弟平等相好,这是说得过去的。
I0000 00:00:1789580769.598912    1982 trainer_interface.cc:155] Loaded 22000000 lines
I0000 00:00:1789580769.634387    1982 trainer_interface.cc:404] Reserved chars are found. Skipped: 广东省东莞市东城高级中学高三 历史一轮检测 第1单元 古代中国的政治制度[br]广东省东莞市东城高级中学高三历史一轮检测 第1单元 古代中国的政治制度 ▁▂▃▄▅▆▇█▉▊▋▌精诚 凝聚 =^_^= 成就梦想 ▁▂▃▄▅▆▇█▉▊▋▌[br]这主要说明西周王朝 ( )[br]A.等级森严 C.实行嫡长子继承制[br]B.与分封制一起崩溃 D.以血缘关系为基础[br]从中可获取的历史信息有( ①西周推行的宗法等级关系 ②西周推行嫡长子继承制 ③西周实行严格的等级制度 ) ( )[br])[br]而材料只体现了皇帝制度中的皇帝地位独尊,并未体现 皇位世袭、君权神授、家天下。[br]废除了所有的封建国家和王国,将广阔的国土划分为若干行政 区,每 一行政区都配备一批由中央政府任命,并向中央政府负责的官员"(摘自《全球通 史》),这段材料涉及到的政治制度有( )[br]A.中央强化了对地方 的控制 B.君主专制造成的决策失误有所减少[br]这是在电视剧《东方朔》中, 汉武帝独特的"用人之术"。[br]汉武帝这样做的根本目的是( ) )[br]A.加强封建专制皇权 B.显示用人不拘一格[br]答案:D 17.根据下面图表所提供的信息判断该结构图反映的是哪个朝代的政权结构( ) ) )[br]A.元朝 C.明朝[br]B.宋朝 D.清朝[br]答案:(1)血缘、门第、等级。[br]--《史记· 陈丞相世家》 材料 2:[br]第(1)问材料突出了丞相一人之下万 人之上的重要地位,结合所学知识分析其弊端;第(2)问实际上要求回答三省六[br](3)明代废丞相,设内阁;清代设军机处。[br]材料 1: 察举制品德、学问、议政 能力 长官举荐 科举制 "以文取 士" 自由报考 "取士不问 家世"[br]文化结合旧制度的弊端以及人才的需求入手。
I0000 00:00:1789580769.823116    1982 trainer_interface.cc:404] Reserved chars are found. Skipped: 原文地址:第20卦、丑月戊申日, 占岁考。作者:鋈子 第20卦、出自书中第十九章:六合章。 丑月戊申日,占岁考,得坎为水变泽水困:(旬空:寅卯) 神煞:桃花-酉 驿马-寅 文昌-申 华盖-辰 贵人-丑未 禄星-巳刃星-午 谋星-戌 天医-子 天喜-未 劫煞-巳 灾煞-午 将星-子 坎宫:坎为水(六冲)兑宫:泽水困(六合) 玄武 ▅ ▅兄弟戊子水 世 ▅ ▅官鬼丁未土 白虎 ▅▅▅官鬼戊戌土 ▅▅▅父母丁酉金 螣蛇 ▅ ▅父母戊申金 x ▅▅▅兄弟丁亥水 应 勾陈 ▅ ▅妻财戊午火 应 ▅ ▅妻财戊午火 朱雀 ▅▅▅官鬼戊辰土 ▅▅▅官鬼戊辰土 青龙 ▅ ▅子孙戊寅木 ▅ ▅子孙戊寅木 世 原著:世爻子水,丑月合之,申日作父母而生世,卦中申金又动,是 六冲变六合,卦之全美。上卷无疑,果考一等,即于子科高发。后探之,前试考过四等,所以卦得六冲变合,先否后泰之象。 注解:根据《增删卜易》成书年代,这里解释一下明清时期的 岁考 :明代省一级的教育长官名曰 提学官 ,以及清代朝廷委任的主管教育科举的官员名曰 学台或学政 ,每年或每三年对所属或者被派属的府、州、县的生员举行的考试,称为 岁考或岁试 。岁考如达不到四等以上, 秀才亦称相公 的身份就会被剥夺,民间有 秀才三年变白丁 之说,指的就是岁考不过关。岁考得一等前列者,有可能成为 廪膳生员,简称廪生 ,但名额有限,成为廪生者,朝廷会给予一定的粮(明朝)或钱(清朝)的补助。岁考和科考不是一回事,但岁考获得秀才身份之后,才有资格参加科考,初级科考(乡试)过关的考生称 贡生 ,此时才有当 小官的资格,而岁考只是一般性的考试,考过了也不具备当小官的资格。岁考制度实际是对读书人的一种禁锢,大多数读书人为此都要考一辈子呢,就没心思造反了,正所谓 十年寒窗 。更详细的请参看明史和清史稿的选举志章节。 1.审占事:此卦就是求测人占一个一般性的考试,卦的类型为一般事占之自己事占。此卦也不具备忧患占的特点。 2.查卦象:a.坎卦有险难、陷入、劳苦、磨练等卦意;b.主卦六冲,变卦六合;c.动爻父母戊申金带 文昌星动化兄弟爻丁亥水,动变组合是动始变终;d.初爻戊寅木带正驿马旬空又逢日建冲; 3.辨用神:之所以解释岁考的目的就是为了取准用神,一般性的考试是以父母爻为用神,卦中就一个父母爻戊申金,取为用神。 4.析吉凶: a.对于作者一开始便整出一句 世爻子水、丑月合之 甚是不理解,在我自己所用的卦理中,在吉凶成败层面,月建对爻的作用关系就是 旺相休囚死破 六种,对于此卦的月建合世爻,我是论克不论合的,而且作者的分析 顺序怎么是先从世爻入手呢,难不成作者以世爻为用神?当然,此卦以世爻为用神肯定是不对的。正常顺序应该是先分析用神,然后在分析用神与世爻的关系。 b.不过作者分析某一个爻的旺衰与有用无用,是先从日、月建着手,再看卦中动爻对其的向背,这个顺序是再次肯定了轻日、月建外因,重 卦中内因的重要性,再次体显了 动兆显吉凶 这句卦理的重要性。针对此卦看,用神是发动的,其旺衰与有用无用,取决于日、月建及其变爻三方的共同作用,但轻外重内是不可倒置的;而世爻是静爻,那么他的旺衰与有用无用,取决于日、月建及发动的用神也是三方的共同作用,也是要轻外重内。 c.重新梳理一下分析顺序,先用神:用神在月建得生(这里不论墓哦,我自己的卦理是,吉凶成败层面月建对爻不论墓、合,月建墓、合我主要用于取象层面,应期层面也用不到)又值日建旺,其动变组合是动始变终,而变爻是月建克、日建生,所以总体用神是旺而有用;再看用神与世爻的关系,卦中是 用神发动生世爻,从而构成了 用神生世爻 之吉利卦象。 d.有易友问,那就不看世爻了么?其实是要看世爻旺衰的,而且对于某些占事,分析世爻的旺衰还相当重要,是必须的,比如占财、比如忧患占等。那么在什么情况下是必须分析世爻旺衰的呢?这个不是几句话能阐述清晰的,因为涉及面比较多:比如要看是什么占事、比如要看卦的类型、比如要看占事的长短、比如要看是何六亲持世等等。我本人在实战中,在大多情况下的分析顺序是先分析用神,再分析世爻,然后再分析用神与世爻关系的(但不是每一卦都需要分析用神与世爻的关系的,要根据占事内容而定)。比如此卦的世爻,月建虽克但有余气,而在日建又得生,总体是旺,这在外因、外部环境来看,世爻是具备了承载或者担当所占之事(用神)的能力,而再分析用神与世爻的关系 是 用神生世爻 ,所以卦吉无疑。但并不是所有的 用神生世爻 之卦最终事情就会吉利,实战中我就遇到过即使是 用神生世爻 ,但最终事情也是不 吉的卦,注意我用的是 最终 这个词, 用神生世爻而卦吉 这个卦理是没有错误的,但事情最终的吉利与否,不仅仅只是由卦吉而决定,还要考虑占事 长短与应期的问题。比如子月庚辰日刚买了彩票占中奖否,得山火贲变泽火革(旬空:申酉) 艮宫:山火贲(六合) 坎宫:泽火革 螣蛇 ▅▅▅官鬼丙寅木 ○ ▅ ▅兄弟丁未土 勾陈 ▅ ▅妻财丙子水 ×
I0000 00:00:1789580769.823157    1982 trainer_interface.cc:404] Reserved chars are found. Skipped: ▅▅▅子孙丁酉金 朱雀 ▅ ▅兄弟丙 戌土 应× ▅▅▅妻财丁亥水世 青龙 子孙丙申金▅▅▅妻财己亥水 ▅▅▅妻财己亥水 玄武 父母丙午火▅ ▅兄弟己丑土 ▅ ▅兄弟己丑土 白虎 兄弟丙辰土▅▅▅官鬼己卯木 世 ▅▅▅官鬼己卯木应 注解:此卦世爻得用神生而卦吉,得财的应期应是子孙出空的酉日,但当期彩票开奖日期是在辰日当晚,结果彩票 号码与中奖号码不符,当然此次买彩就是不得财了。这就是卦吉而占事是短期事,由于吉之应期晚于占事结束日期而最终事情不吉的例子。由此可见,要确切地断准一个卦,需要考虑方方面面的因素哦。 5.断应期:此卦中 即于子科高发 并不是本卦的应期,本卦的理论应期应当是下一次岁考年中 的巳月或者申月,是用神发动逢合逢值为应期。根据明清岁考制度,一般逢子、卯、午、酉年会举行一次岁考,考试时间一般是在秋季,所以根据此卦用神值日建以及主卦六冲看,考期是临近的,估计起卦时的丑月就是在亥年的丑月,而求测人参加的是子年考试,考试时间应该是在子年的申月。 6. 细取象: a.这卦可取象的部分较少,突出的一点是 前试考过四等,所以卦得六冲变合,先否后泰之象 ,主卦六冲对应了此前考试的不顺利(考了四等 及以下是要受到责罚或者剥去头衔的),也正因为此前考试的不顺利,变卦得六合,预示了即将到来的考试顺利。关于六冲变六合,六冲变六冲,六合变六冲的卦例在书中还有很多。此卦六冲变六合的组合告诉我们了一个取象思路就是:根据占事配合六冲坎卦,说明所占之事在之前应有不顺、险难, 之前的事情是一种劳苦、一种磨难等等。 b.虽然六冲变六合预示了先否后泰,但变卦是困,未见得喜反而是困惑、苦恼、压抑,为何会这样?了解明 清历史就会知道,这是由当时社会现状所决定的,考中秀才之后就有了参加乡试的资格,但即便是乡试过关获得 举人 身份,甚至是第一名举人的 解 元 身份,也不一定就能当官的,还得继续考 贡士 ,贡士第一名称 会元 ,进而才可以参加最后一级考试的殿试,通过最后一级考试的考生称 进士或 进士出身或同进士出身 。殿试第一名称 状元又称鼎元 ,我们常听到的连中三元指的就是: 中解元再中会元再中状元。 由于考试越往后越是难,所以古代众多学子的求功名之路往往止步于秀才阶段。就此卦来看,世爻已处于六爻高位,有止象,而用神动化亥水又是世爻子水的退神,兄弟爻为争斗、争上游、自尊心,所以恐求测人的争上游之心、之路就此就要止步了。
I0000 00:00:1789580769.905947    1982 trainer_interface.cc:155] Loaded 23000000 lines
I0000 00:00:1789580770.216169    1982 trainer_interface.cc:155] Loaded 24000000 lines
I0000 00:00:1789580770.461851    1982 trainer_interface.cc:404] Reserved chars are found. Skipped: <end>联合国儿童基金会驻华办儿童保护官员苏文颖认为，家长的沟通、理解、陪伴是未成年人防沉迷事业的重要一环，因为家长的▂▃▅▆█理解和陪伴是每个孩子最基本的需求，是 他的安全感、自我价值最ǐ主要的来源。
I0000 00:00:1789580770.530097    1982 trainer_interface.cc:155] Loaded 25000000 lines
I0000 00:00:1789580770.612380    1982 trainer_interface.cc:404] Reserved chars are found. Skipped: ◢▆▅▄▃-崩╰(〒皿〒)╯溃-▃▄▅▆◣
I0000 00:00:1789580770.828172    1982 trainer_interface.cc:155] Loaded 26000000 lines
I0000 00:00:1789580770.913621    1982 trainer_interface.cc:404] Reserved chars are found. Skipped: <end>▅ 中等收入陷阱的实质，是产业体系的结构陷阱
I0000 00:00:1789580770.913642    1982 trainer_interface.cc:404] Reserved chars are found. Skipped: <end>▅ 开始的是新一轮的竞争，我们就有了更多可能性
I0000 00:00:1789580770.913652    1982 trainer_interface.cc:404] Reserved chars are found. Skipped: <end>▅ 市场环境公平竞争，自然就会有人投资
I0000 00:00:1789580770.913665    1982 trainer_interface.cc:404] Reserved chars are found. Skipped: <end>▅ 大企业应该站出来，担当更多的责任
I0000 00:00:1789580770.913671    1982 trainer_interface.cc:404] Reserved chars are found. Skipped: <end>▅ 投资什么都不如，投资教育重要
I0000 00:00:1789580771.037899    1982 trainer_interface.cc:404] Reserved chars are found. Skipped: ▅▅▅▅▅
I0000 00:00:1789580771.037921    1982 trainer_interface.cc:404] Reserved chars are found. Skipped: ▅▅▅▅
I0000 00:00:1789580771.037924    1982 trainer_interface.cc:404] Reserved chars are found. Skipped: ▅▅▅▅▅八卦速记法:
I0000 00:00:1789580771.128245    1982 trainer_interface.cc:155] Loaded 27000000 lines
I0000 00:00:1789580771.434205    1982 trainer_interface.cc:155] Loaded 28000000 lines
I0000 00:00:1789580771.738377    1982 trainer_interface.cc:155] Loaded 29000000 lines
I0000 00:00:1789580772.049339    1982 trainer_interface.cc:155] Loaded 30000000 lines
I0000 00:00:1789580772.243428    1982 trainer_interface.cc:404] Reserved chars are found. Skipped: 虑增加对非传统商标申请的受理 。非传统商标指的就是立体商标。商标法第四次修改,是否会将立体商标注册从法律条文变成具体制度,关注立体商标注册的企业请拭目以待。 对 包装设计进行商标保护,必须了解商标保护的特点:第一,注册商标受商标法保护,除驰名商标外未注册商标不受商标法保护;第二,较外观设计专利保护,商标注册的周期更长,从提交申请到获得注册至少需要十二个月的时间;第三,注册商标的有效期为十年,期满可以申请续展商标;第四,注册商标 权利有地域性,只限于注册国有效。 四、反不正当竞争保护 我国《反不正当竞争法》规定:擅自使用知名商品特有的名称、包装、装潢,或者使用 与知名商品近似的名称、包装、装潢,造成和他人的知名商品相混淆,使购买者误认为是该知名商品的行为,是不正当竞争行为之一,造成损害的,应 当停止侵害,承担损害赔偿责任。 运用《反不正当竞争法》保护包装设计,前提是商品在市场上具有一定知名度,为相关公众所知悉,且商品名称、 包装、装潢非为相关商品所通用,并具有显著的区别性特征,已使一般购买者发生混淆。只有当不正当竞争行为已发生时,才能启动反不正当竞争保 护。因此,与版权保护、外观设计保护、商标保护相比,进行反不正当竞争保护是 "被动"的。 五、如何选择适用 在知识产权制度下,包装设计通过上述多种方法,均可寻求获取法律保护。实务中,企业通常会问,我们的包装设计应当用什么方法进行保护?多重保护有必要吗? 对第一个问题,如本 文上述介绍,不同的知识产权保护方式,各有所用。 从防范侵权的角度,企业可以根据不同商品的生命周期及其在生命周期中所处的不同阶段,为商 品的包装设计选择不同的保护方法。如当一件新商品因时效性要求,必须尽快上市时,外观设计专利申请及商标登记耗时较长,就变得不切实际,商品的包装设计可能在未获得相关权利证明时,就已被仿冒。这种情况下,对包装设计的版权保护就是必须且适合的。如果商品历经时间的洗礼,在市场 上经久不衰,其生命周期可能远远超过外观设计专利的十年、版权的五十年保护期,那么,在该两项权利失效前,为商品的外观设计申请商标保护就成为必须。只要企业做个"有心人",注意续展并维护好其商标权益,包装设计的商标权将持续有效。从防范侵权的角度,企业也可根据商品需要保护的 程度,选择不同的知识产权保护方法。如果商品的包装设计图进行了版权登记,但企业对其保护强度不满意的情况下,可追加申请外观设计专利,或申请注册商标,强化保护。 从打击侵权者的角度,企业应选择对自己最有利、最易实施的保护方法及策略。如当企业发现其商品的包装设计被仿冒,即其版权,或专利权,或商标权受到侵害时,可根据侵权事实,制定与不正当竞争相结合或分别提出诉讼策略,最大程度维护企业利益,获得赔偿。 对第 二个问题,一方面,单件包装设计的版权登记、外观设计专利申请、商标注册成本都不高,且在某些地区企业还能获得专利申请补助,多重保护的成本在企业可承受范围之内;另一方面,版权因是自动生成,所有权人往往忽略登记手续,以至在诉讼中无法举证,而商标权及外观设计专利在诉讼中往往 会被对方提无效,无法举证及权利无效都会影响诉讼结果。所以笔者建议,在条件允许的情况下,尽量为包装设计申请一项以上的知识产权保护,才是稳妥的做法。▅ 《沈丽律师法律资讯》意在不时向客户通报有关中国知识产权法律方面的动态和信息,不构成客户赖以行动的任何法律意见或者建 议。若对本文有疑问,请与沈丽律师联系。
I0000 00:00:1789580772.356143    1982 trainer_interface.cc:155] Loaded 31000000 lines
I0000 00:00:1789580772.537192    1982 trainer_interface.cc:404] Reserved chars are found. Skipped: 本卦 第6卦:讼卦(天水讼) 互卦 第37卦:家人卦(风火家人) 错卦 第36卦:明夷卦(地火明夷) 综卦 第5卦:需卦(水天需) 讼卦 讼卦是上卦为乾,下卦为坎的卦名。是周易六十四卦 第6卦。代号是2:7。"讼"(sòng),在法庭上争辨是非曲直,打官司:讼事。讼卦的主卦是2卦坎卦[1],卦象是水,阳数是2,特性是危险和困难;客卦是7 卦乾卦,卦象是天,阳数是7,特性是强健。处境困难的主方在威力强大的客方面前,受到客方的强力限制和压迫[2],不得已时只好求之于诉讼,寻求法律保护。左图中,红色是当位的爻,天蓝色是不当位的爻,箭头表示有应。天水讼(讼卦)慎争戒讼。象曰:心中有事事难做,恰是二人争路走,雨下俱是要占先,谁肯让谁走一步。 这个卦是异卦(下坎上乾)相叠。同需卦爻排布相反,互为"综卦"。乾为刚健,坎为险陷。刚与险,健与险,彼此反对,定生 争讼。争讼非善事,务必慎重戒惧。 《讼(sòng)》:有孚,窒惕,中吉,终凶。利见大人,不利涉大川。 ▅▅▅▅▅ 上九:或锡之鞶带,终朝三褫之。 ▅▅▅▅▅ 九五:讼元吉。 ▅▅▅▅▅ 九四:不克讼,复既命,渝。安贞,吉。 ▅▅ ▅▅ 六三:食旧德,贞厉,终吉。或从王事,无成。 ▅▅▅▅▅ 九二:不克讼,归而逋。其 邑人三百户,无眚。 ▅▅ ▅▅ 初六:不永所事,小有言,终吉。 白话:化解纠纷;能够让自己建立威信,但要提高警觉尽量避免纠纷的发生。保持不偏不 倚的态度去处理,就不会有差错,但最终还是一个两败俱伤的事情。经常调解纠纷对一个人的成长有促进作用,但对事业的发展是不利的。 为了获取更多的猎物,自己经常做一些超越常理的事情(不永所事),招致大家的议论(小有言),最终大家对此类事情采用了听之任之的态度; 在与其他部落的 纠纷中调解不成功(不克讼),赶紧跑回部落躲藏起来(归而逋),有那么多部落民众的支持,他们最终拿你也没有办法(其邑人三百户,无眚); 发生纠纷后仰仗自己以往的功绩和贡献(食旧德)化解了问题,倘若依赖本部落首领则一事无成(无成)。 倘若自己败诉,那就认罚,主动给对方以物质赔偿(复 即命),这样才能够让自己今后的生活与工作平安、顺利(安贞吉); 自己改正了缺点,而且还结交了一些有能力的朋友,这样很多纠纷就消除在萌芽状态,大事化小的得以妥善解决(讼,元吉); 上面的领导经常授权你处理民众之间的纠纷,这种荣誉授命于危难(或锡之鞶带),过后会很快的把这种特权剥夺掉(终朝三褫之)。[1] 说明 结构和卦爻辞 讼卦的结构和卦爻辞 左图中,主卦的三条爻全是天蓝色,表示这三条爻都不当位,表示主方的行动、素质和态度[1]都是对主方不利的潜在因素,主方的困难和危险来于主方本身。图中,有两个从阴爻指向阳爻的箭头,表示在行动方面和态度方面都存在主方与客方之间的和谐关系,不过,由于箭头的起点都在主方[3],这两种和谐关系使得在行动上和态度上对主方不利的潜在因素成了真正的对主方不利的因素。卦的结构图中,有一条红色的爻,这是唯一的一条当位的爻,是第五爻,代表客方素质,是对主方有利的潜在因素,然而,这条爻不有应,对应的第二爻也是不当位的阳爻,这个对主方有利的潜在因素没有能够成为真正的对主方有利的因素。因此可以说,当前形势对于主方来说,是不利的,主方应当努力扭转被动局面,并且,采取对客方比较强硬的态度。 不过,主方的消极被动是衰落的表现。按阳数,事物自身发展规律[2]是4、5、6、7、3、2、1和0,主卦的阳数是2,已经从乾卦,越过一个量变到质变的关键点,衰落到巽卦,再衰落到坎卦,要扭转被动局面很难,需要很大的决心和付出,比较现实的作法是阴中有阳,在可能情况下,采取主动,维护自己的利益。同时,采取比较强硬的态度,也是有限的,因为态度随和是素质不是很好的 表现,没有很强的素质支持,强硬态度难维持,所以,也只能是灵活应对,态度能够强硬一些,就强硬一些,不行就继续随和。 讼卦的六条爻辞中有三条包含"讼"字,第二爻的"讼",指主方被客方所讼;第四爻和第五爻的"讼",是主方对客方的讼。前三条爻辞,建议主方尽量避免被诉讼,"不永所事";不 能赢得诉讼时,应当给予客方适当赔偿,"不克讼,归而逋";困境中坚持下去,"食旧德"。后三条爻辞建议主方应当对客方采用诉讼手段,不能赢,则退,"不克讼,复即命";能赢则吉,"讼,元吉";不要过于相信客方,"终朝三褫之"。删去一些判断词,六条爻辞就是一首完整的围绕主题"讼"的散文诗。 不要纠缠于诉讼之事,即使有流言蜚语,最终还是有利。 诉讼中不赢,归来后隐藏起来,给以城镇里三百户人口的税收,避免灾难。 依靠过去的成就过 日子,坚持不下去;如果从事于政府事务,不会成功。 诉讼不赢,返回遵从王命,改变一些(态度),维持安定生活。 (不得已)诉讼,很吉利。 有时(他)赐给佩玉皮带,又一天之内三次夺了回去,(忍耐些吧)。 卦辞则提出在当前的双方关系中主方应当采取的作法。下面逐条说明卦爻辞。 卦辞 〖卦 辞原文〗
I0000 00:00:1789580772.661460    1982 trainer_interface.cc:155] Loaded 32000000 lines
I0000 00:00:1789580772.969213    1982 trainer_interface.cc:155] Loaded 33000000 lines
W0000 00:00:1789580773.814576    1982 trainer_interface.cc:130] Too many sentences are loaded! (33578623), which may slow down training.
W0000 00:00:1789580773.814608    1982 trainer_interface.cc:132] Consider using --input_sentence_size=<size> and --shuffle_input_sentence=true.
W0000 00:00:1789580773.814610    1982 trainer_interface.cc:135] They allow to randomly sample <size> sentences from the entire corpus.
I0000 00:00:1789580773.814614    1982 trainer_interface.cc:422] Loaded all 33578623 sentences
I0000 00:00:1789580773.814625    1982 trainer_interface.cc:440] Adding meta_piece: <unk>
I0000 00:00:1789580773.814630    1982 trainer_interface.cc:440] Adding meta_piece: <s>
I0000 00:00:1789580773.814632    1982 trainer_interface.cc:440] Adding meta_piece: </s>
I0000 00:00:1789580773.814633    1982 trainer_interface.cc:440] Adding meta_piece: <pad>
I0000 00:00:1789580773.814637    1982 trainer_interface.cc:440] Adding meta_piece: <0x00>
I0000 00:00:1789580773.814638    1982 trainer_interface.cc:440] Adding meta_piece: <0x01>
I0000 00:00:1789580773.814640    1982 trainer_interface.cc:440] Adding meta_piece: <0x02>
I0000 00:00:1789580773.814642    1982 trainer_interface.cc:440] Adding meta_piece: <0x03>
I0000 00:00:1789580773.814646    1982 trainer_interface.cc:440] Adding meta_piece: <0x04>
I0000 00:00:1789580773.814649    1982 trainer_interface.cc:440] Adding meta_piece: <0x05>
I0000 00:00:1789580773.814652    1982 trainer_interface.cc:440] Adding meta_piece: <0x06>
I0000 00:00:1789580773.814654    1982 trainer_interface.cc:440] Adding meta_piece: <0x07>
I0000 00:00:1789580773.814657    1982 trainer_interface.cc:440] Adding meta_piece: <0x08>
I0000 00:00:1789580773.814660    1982 trainer_interface.cc:440] Adding meta_piece: <0x09>
I0000 00:00:1789580773.814663    1982 trainer_interface.cc:440] Adding meta_piece: <0x0A>
I0000 00:00:1789580773.814666    1982 trainer_interface.cc:440] Adding meta_piece: <0x0B>
I0000 00:00:1789580773.814668    1982 trainer_interface.cc:440] Adding meta_piece: <0x0C>
I0000 00:00:1789580773.814670    1982 trainer_interface.cc:440] Adding meta_piece: <0x0D>
I0000 00:00:1789580773.814673    1982 trainer_interface.cc:440] Adding meta_piece: <0x0E>
I0000 00:00:1789580773.814676    1982 trainer_interface.cc:440] Adding meta_piece: <0x0F>
I0000 00:00:1789580773.814677    1982 trainer_interface.cc:440] Adding meta_piece: <0x10>
I0000 00:00:1789580773.814679    1982 trainer_interface.cc:440] Adding meta_piece: <0x11>
I0000 00:00:1789580773.814683    1982 trainer_interface.cc:440] Adding meta_piece: <0x12>
I0000 00:00:1789580773.814686    1982 trainer_interface.cc:440] Adding meta_piece: <0x13>
I0000 00:00:1789580773.814688    1982 trainer_interface.cc:440] Adding meta_piece: <0x14>
I0000 00:00:1789580773.814691    1982 trainer_interface.cc:440] Adding meta_piece: <0x15>
I0000 00:00:1789580773.814692    1982 trainer_interface.cc:440] Adding meta_piece: <0x16>
I0000 00:00:1789580773.814694    1982 trainer_interface.cc:440] Adding meta_piece: <0x17>
I0000 00:00:1789580773.814697    1982 trainer_interface.cc:440] Adding meta_piece: <0x18>
I0000 00:00:1789580773.814700    1982 trainer_interface.cc:440] Adding meta_piece: <0x19>
I0000 00:00:1789580773.814702    1982 trainer_interface.cc:440] Adding meta_piece: <0x1A>
I0000 00:00:1789580773.814704    1982 trainer_interface.cc:440] Adding meta_piece: <0x1B>
I0000 00:00:1789580773.814708    1982 trainer_interface.cc:440] Adding meta_piece: <0x1C>
I0000 00:00:1789580773.814709    1982 trainer_interface.cc:440] Adding meta_piece: <0x1D>
I0000 00:00:1789580773.814711    1982 trainer_interface.cc:440] Adding meta_piece: <0x1E>
I0000 00:00:1789580773.814714    1982 trainer_interface.cc:440] Adding meta_piece: <0x1F>
I0000 00:00:1789580773.814717    1982 trainer_interface.cc:440] Adding meta_piece: <0x20>
I0000 00:00:1789580773.814720    1982 trainer_interface.cc:440] Adding meta_piece: <0x21>
I0000 00:00:1789580773.814721    1982 trainer_interface.cc:440] Adding meta_piece: <0x22>
I0000 00:00:1789580773.814723    1982 trainer_interface.cc:440] Adding meta_piece: <0x23>
I0000 00:00:1789580773.814726    1982 trainer_interface.cc:440] Adding meta_piece: <0x24>
I0000 00:00:1789580773.814729    1982 trainer_interface.cc:440] Adding meta_piece: <0x25>
I0000 00:00:1789580773.814730    1982 trainer_interface.cc:440] Adding meta_piece: <0x26>
I0000 00:00:1789580773.814732    1982 trainer_interface.cc:440] Adding meta_piece: <0x27>
I0000 00:00:1789580773.814735    1982 trainer_interface.cc:440] Adding meta_piece: <0x28>
I0000 00:00:1789580773.814737    1982 trainer_interface.cc:440] Adding meta_piece: <0x29>
I0000 00:00:1789580773.814739    1982 trainer_interface.cc:440] Adding meta_piece: <0x2A>
I0000 00:00:1789580773.814742    1982 trainer_interface.cc:440] Adding meta_piece: <0x2B>
I0000 00:00:1789580773.814745    1982 trainer_interface.cc:440] Adding meta_piece: <0x2C>
I0000 00:00:1789580773.814748    1982 trainer_interface.cc:440] Adding meta_piece: <0x2D>
I0000 00:00:1789580773.814751    1982 trainer_interface.cc:440] Adding meta_piece: <0x2E>
I0000 00:00:1789580773.814754    1982 trainer_interface.cc:440] Adding meta_piece: <0x2F>
I0000 00:00:1789580773.814755    1982 trainer_interface.cc:440] Adding meta_piece: <0x30>
I0000 00:00:1789580773.814757    1982 trainer_interface.cc:440] Adding meta_piece: <0x31>
I0000 00:00:1789580773.814759    1982 trainer_interface.cc:440] Adding meta_piece: <0x32>
I0000 00:00:1789580773.814761    1982 trainer_interface.cc:440] Adding meta_piece: <0x33>
I0000 00:00:1789580773.814765    1982 trainer_interface.cc:440] Adding meta_piece: <0x34>
I0000 00:00:1789580773.814766    1982 trainer_interface.cc:440] Adding meta_piece: <0x35>
I0000 00:00:1789580773.814768    1982 trainer_interface.cc:440] Adding meta_piece: <0x36>
I0000 00:00:1789580773.814770    1982 trainer_interface.cc:440] Adding meta_piece: <0x37>
I0000 00:00:1789580773.814772    1982 trainer_interface.cc:440] Adding meta_piece: <0x38>
I0000 00:00:1789580773.814773    1982 trainer_interface.cc:440] Adding meta_piece: <0x39>
I0000 00:00:1789580773.814777    1982 trainer_interface.cc:440] Adding meta_piece: <0x3A>
I0000 00:00:1789580773.814780    1982 trainer_interface.cc:440] Adding meta_piece: <0x3B>
I0000 00:00:1789580773.814784    1982 trainer_interface.cc:440] Adding meta_piece: <0x3C>
I0000 00:00:1789580773.814787    1982 trainer_interface.cc:440] Adding meta_piece: <0x3D>
I0000 00:00:1789580773.814788    1982 trainer_interface.cc:440] Adding meta_piece: <0x3E>
I0000 00:00:1789580773.814789    1982 trainer_interface.cc:440] Adding meta_piece: <0x3F>
I0000 00:00:1789580773.814793    1982 trainer_interface.cc:440] Adding meta_piece: <0x40>
I0000 00:00:1789580773.814796    1982 trainer_interface.cc:440] Adding meta_piece: <0x41>
I0000 00:00:1789580773.814798    1982 trainer_interface.cc:440] Adding meta_piece: <0x42>
I0000 00:00:1789580773.814801    1982 trainer_interface.cc:440] Adding meta_piece: <0x43>
I0000 00:00:1789580773.814802    1982 trainer_interface.cc:440] Adding meta_piece: <0x44>
I0000 00:00:1789580773.814804    1982 trainer_interface.cc:440] Adding meta_piece: <0x45>
I0000 00:00:1789580773.814807    1982 trainer_interface.cc:440] Adding meta_piece: <0x46>
I0000 00:00:1789580773.814810    1982 trainer_interface.cc:440] Adding meta_piece: <0x47>
I0000 00:00:1789580773.814811    1982 trainer_interface.cc:440] Adding meta_piece: <0x48>
I0000 00:00:1789580773.814815    1982 trainer_interface.cc:440] Adding meta_piece: <0x49>
I0000 00:00:1789580773.814817    1982 trainer_interface.cc:440] Adding meta_piece: <0x4A>
I0000 00:00:1789580773.814818    1982 trainer_interface.cc:440] Adding meta_piece: <0x4B>
I0000 00:00:1789580773.814822    1982 trainer_interface.cc:440] Adding meta_piece: <0x4C>
I0000 00:00:1789580773.814825    1982 trainer_interface.cc:440] Adding meta_piece: <0x4D>
I0000 00:00:1789580773.814827    1982 trainer_interface.cc:440] Adding meta_piece: <0x4E>
I0000 00:00:1789580773.814831    1982 trainer_interface.cc:440] Adding meta_piece: <0x4F>
I0000 00:00:1789580773.814832    1982 trainer_interface.cc:440] Adding meta_piece: <0x50>
I0000 00:00:1789580773.814833    1982 trainer_interface.cc:440] Adding meta_piece: <0x51>
I0000 00:00:1789580773.814836    1982 trainer_interface.cc:440] Adding meta_piece: <0x52>
I0000 00:00:1789580773.814839    1982 trainer_interface.cc:440] Adding meta_piece: <0x53>
I0000 00:00:1789580773.814841    1982 trainer_interface.cc:440] Adding meta_piece: <0x54>
I0000 00:00:1789580773.814843    1982 trainer_interface.cc:440] Adding meta_piece: <0x55>
I0000 00:00:1789580773.814846    1982 trainer_interface.cc:440] Adding meta_piece: <0x56>
I0000 00:00:1789580773.814849    1982 trainer_interface.cc:440] Adding meta_piece: <0x57>
I0000 00:00:1789580773.814850    1982 trainer_interface.cc:440] Adding meta_piece: <0x58>
I0000 00:00:1789580773.814853    1982 trainer_interface.cc:440] Adding meta_piece: <0x59>
I0000 00:00:1789580773.814855    1982 trainer_interface.cc:440] Adding meta_piece: <0x5A>
I0000 00:00:1789580773.814856    1982 trainer_interface.cc:440] Adding meta_piece: <0x5B>
I0000 00:00:1789580773.814859    1982 trainer_interface.cc:440] Adding meta_piece: <0x5C>
I0000 00:00:1789580773.814860    1982 trainer_interface.cc:440] Adding meta_piece: <0x5D>
I0000 00:00:1789580773.814862    1982 trainer_interface.cc:440] Adding meta_piece: <0x5E>
I0000 00:00:1789580773.814865    1982 trainer_interface.cc:440] Adding meta_piece: <0x5F>
I0000 00:00:1789580773.814869    1982 trainer_interface.cc:440] Adding meta_piece: <0x60>
I0000 00:00:1789580773.814871    1982 trainer_interface.cc:440] Adding meta_piece: <0x61>
I0000 00:00:1789580773.814873    1982 trainer_interface.cc:440] Adding meta_piece: <0x62>
I0000 00:00:1789580773.814874    1982 trainer_interface.cc:440] Adding meta_piece: <0x63>
I0000 00:00:1789580773.814878    1982 trainer_interface.cc:440] Adding meta_piece: <0x64>
I0000 00:00:1789580773.814879    1982 trainer_interface.cc:440] Adding meta_piece: <0x65>
I0000 00:00:1789580773.814880    1982 trainer_interface.cc:440] Adding meta_piece: <0x66>
I0000 00:00:1789580773.814883    1982 trainer_interface.cc:440] Adding meta_piece: <0x67>
I0000 00:00:1789580773.814884    1982 trainer_interface.cc:440] Adding meta_piece: <0x68>
I0000 00:00:1789580773.814886    1982 trainer_interface.cc:440] Adding meta_piece: <0x69>
I0000 00:00:1789580773.814889    1982 trainer_interface.cc:440] Adding meta_piece: <0x6A>
I0000 00:00:1789580773.814890    1982 trainer_interface.cc:440] Adding meta_piece: <0x6B>
I0000 00:00:1789580773.814892    1982 trainer_interface.cc:440] Adding meta_piece: <0x6C>
I0000 00:00:1789580773.814895    1982 trainer_interface.cc:440] Adding meta_piece: <0x6D>
I0000 00:00:1789580773.814896    1982 trainer_interface.cc:440] Adding meta_piece: <0x6E>
I0000 00:00:1789580773.814898    1982 trainer_interface.cc:440] Adding meta_piece: <0x6F>
I0000 00:00:1789580773.814900    1982 trainer_interface.cc:440] Adding meta_piece: <0x70>
I0000 00:00:1789580773.814902    1982 trainer_interface.cc:440] Adding meta_piece: <0x71>
I0000 00:00:1789580773.814903    1982 trainer_interface.cc:440] Adding meta_piece: <0x72>
I0000 00:00:1789580773.814906    1982 trainer_interface.cc:440] Adding meta_piece: <0x73>
I0000 00:00:1789580773.814909    1982 trainer_interface.cc:440] Adding meta_piece: <0x74>
I0000 00:00:1789580773.814912    1982 trainer_interface.cc:440] Adding meta_piece: <0x75>
I0000 00:00:1789580773.814913    1982 trainer_interface.cc:440] Adding meta_piece: <0x76>
I0000 00:00:1789580773.814914    1982 trainer_interface.cc:440] Adding meta_piece: <0x77>
I0000 00:00:1789580773.814917    1982 trainer_interface.cc:440] Adding meta_piece: <0x78>
I0000 00:00:1789580773.814919    1982 trainer_interface.cc:440] Adding meta_piece: <0x79>
I0000 00:00:1789580773.814920    1982 trainer_interface.cc:440] Adding meta_piece: <0x7A>
I0000 00:00:1789580773.814923    1982 trainer_interface.cc:440] Adding meta_piece: <0x7B>
I0000 00:00:1789580773.814925    1982 trainer_interface.cc:440] Adding meta_piece: <0x7C>
I0000 00:00:1789580773.814927    1982 trainer_interface.cc:440] Adding meta_piece: <0x7D>
I0000 00:00:1789580773.814929    1982 trainer_interface.cc:440] Adding meta_piece: <0x7E>
I0000 00:00:1789580773.814931    1982 trainer_interface.cc:440] Adding meta_piece: <0x7F>
I0000 00:00:1789580773.814932    1982 trainer_interface.cc:440] Adding meta_piece: <0x80>
I0000 00:00:1789580773.814935    1982 trainer_interface.cc:440] Adding meta_piece: <0x81>
I0000 00:00:1789580773.814938    1982 trainer_interface.cc:440] Adding meta_piece: <0x82>
I0000 00:00:1789580773.814941    1982 trainer_interface.cc:440] Adding meta_piece: <0x83>
I0000 00:00:1789580773.814944    1982 trainer_interface.cc:440] Adding meta_piece: <0x84>
I0000 00:00:1789580773.814945    1982 trainer_interface.cc:440] Adding meta_piece: <0x85>
I0000 00:00:1789580773.814946    1982 trainer_interface.cc:440] Adding meta_piece: <0x86>
I0000 00:00:1789580773.814950    1982 trainer_interface.cc:440] Adding meta_piece: <0x87>
I0000 00:00:1789580773.814951    1982 trainer_interface.cc:440] Adding meta_piece: <0x88>
I0000 00:00:1789580773.814955    1982 trainer_interface.cc:440] Adding meta_piece: <0x89>
I0000 00:00:1789580773.814956    1982 trainer_interface.cc:440] Adding meta_piece: <0x8A>
I0000 00:00:1789580773.814958    1982 trainer_interface.cc:440] Adding meta_piece: <0x8B>
I0000 00:00:1789580773.814960    1982 trainer_interface.cc:440] Adding meta_piece: <0x8C>
I0000 00:00:1789580773.814962    1982 trainer_interface.cc:440] Adding meta_piece: <0x8D>
I0000 00:00:1789580773.814964    1982 trainer_interface.cc:440] Adding meta_piece: <0x8E>
I0000 00:00:1789580773.814965    1982 trainer_interface.cc:440] Adding meta_piece: <0x8F>
I0000 00:00:1789580773.814967    1982 trainer_interface.cc:440] Adding meta_piece: <0x90>
I0000 00:00:1789580773.814971    1982 trainer_interface.cc:440] Adding meta_piece: <0x91>
I0000 00:00:1789580773.814973    1982 trainer_interface.cc:440] Adding meta_piece: <0x92>
I0000 00:00:1789580773.814975    1982 trainer_interface.cc:440] Adding meta_piece: <0x93>
I0000 00:00:1789580773.814978    1982 trainer_interface.cc:440] Adding meta_piece: <0x94>
I0000 00:00:1789580773.814980    1982 trainer_interface.cc:440] Adding meta_piece: <0x95>
I0000 00:00:1789580773.814983    1982 trainer_interface.cc:440] Adding meta_piece: <0x96>
I0000 00:00:1789580773.814986    1982 trainer_interface.cc:440] Adding meta_piece: <0x97>
I0000 00:00:1789580773.814988    1982 trainer_interface.cc:440] Adding meta_piece: <0x98>
I0000 00:00:1789580773.814990    1982 trainer_interface.cc:440] Adding meta_piece: <0x99>
I0000 00:00:1789580773.814993    1982 trainer_interface.cc:440] Adding meta_piece: <0x9A>
I0000 00:00:1789580773.814995    1982 trainer_interface.cc:440] Adding meta_piece: <0x9B>
I0000 00:00:1789580773.814999    1982 trainer_interface.cc:440] Adding meta_piece: <0x9C>
I0000 00:00:1789580773.815002    1982 trainer_interface.cc:440] Adding meta_piece: <0x9D>
I0000 00:00:1789580773.815004    1982 trainer_interface.cc:440] Adding meta_piece: <0x9E>
I0000 00:00:1789580773.815005    1982 trainer_interface.cc:440] Adding meta_piece: <0x9F>
I0000 00:00:1789580773.815009    1982 trainer_interface.cc:440] Adding meta_piece: <0xA0>
I0000 00:00:1789580773.815010    1982 trainer_interface.cc:440] Adding meta_piece: <0xA1>
I0000 00:00:1789580773.815012    1982 trainer_interface.cc:440] Adding meta_piece: <0xA2>
I0000 00:00:1789580773.815013    1982 trainer_interface.cc:440] Adding meta_piece: <0xA3>
I0000 00:00:1789580773.815016    1982 trainer_interface.cc:440] Adding meta_piece: <0xA4>
I0000 00:00:1789580773.815017    1982 trainer_interface.cc:440] Adding meta_piece: <0xA5>
I0000 00:00:1789580773.815020    1982 trainer_interface.cc:440] Adding meta_piece: <0xA6>
I0000 00:00:1789580773.815021    1982 trainer_interface.cc:440] Adding meta_piece: <0xA7>
I0000 00:00:1789580773.815023    1982 trainer_interface.cc:440] Adding meta_piece: <0xA8>
I0000 00:00:1789580773.815026    1982 trainer_interface.cc:440] Adding meta_piece: <0xA9>
I0000 00:00:1789580773.815027    1982 trainer_interface.cc:440] Adding meta_piece: <0xAA>
I0000 00:00:1789580773.815030    1982 trainer_interface.cc:440] Adding meta_piece: <0xAB>
I0000 00:00:1789580773.815032    1982 trainer_interface.cc:440] Adding meta_piece: <0xAC>
I0000 00:00:1789580773.815033    1982 trainer_interface.cc:440] Adding meta_piece: <0xAD>
I0000 00:00:1789580773.815036    1982 trainer_interface.cc:440] Adding meta_piece: <0xAE>
I0000 00:00:1789580773.815037    1982 trainer_interface.cc:440] Adding meta_piece: <0xAF>
I0000 00:00:1789580773.815039    1982 trainer_interface.cc:440] Adding meta_piece: <0xB0>
I0000 00:00:1789580773.815041    1982 trainer_interface.cc:440] Adding meta_piece: <0xB1>
I0000 00:00:1789580773.815043    1982 trainer_interface.cc:440] Adding meta_piece: <0xB2>
I0000 00:00:1789580773.815045    1982 trainer_interface.cc:440] Adding meta_piece: <0xB3>
I0000 00:00:1789580773.815048    1982 trainer_interface.cc:440] Adding meta_piece: <0xB4>
I0000 00:00:1789580773.815050    1982 trainer_interface.cc:440] Adding meta_piece: <0xB5>
I0000 00:00:1789580773.815052    1982 trainer_interface.cc:440] Adding meta_piece: <0xB6>
I0000 00:00:1789580773.815055    1982 trainer_interface.cc:440] Adding meta_piece: <0xB7>
I0000 00:00:1789580773.815058    1982 trainer_interface.cc:440] Adding meta_piece: <0xB8>
I0000 00:00:1789580773.815061    1982 trainer_interface.cc:440] Adding meta_piece: <0xB9>
I0000 00:00:1789580773.815064    1982 trainer_interface.cc:440] Adding meta_piece: <0xBA>
I0000 00:00:1789580773.815066    1982 trainer_interface.cc:440] Adding meta_piece: <0xBB>
I0000 00:00:1789580773.815069    1982 trainer_interface.cc:440] Adding meta_piece: <0xBC>
I0000 00:00:1789580773.815072    1982 trainer_interface.cc:440] Adding meta_piece: <0xBD>
I0000 00:00:1789580773.815075    1982 trainer_interface.cc:440] Adding meta_piece: <0xBE>
I0000 00:00:1789580773.815077    1982 trainer_interface.cc:440] Adding meta_piece: <0xBF>
I0000 00:00:1789580773.815080    1982 trainer_interface.cc:440] Adding meta_piece: <0xC0>
I0000 00:00:1789580773.815082    1982 trainer_interface.cc:440] Adding meta_piece: <0xC1>
I0000 00:00:1789580773.815085    1982 trainer_interface.cc:440] Adding meta_piece: <0xC2>
I0000 00:00:1789580773.815088    1982 trainer_interface.cc:440] Adding meta_piece: <0xC3>
I0000 00:00:1789580773.815090    1982 trainer_interface.cc:440] Adding meta_piece: <0xC4>
I0000 00:00:1789580773.815091    1982 trainer_interface.cc:440] Adding meta_piece: <0xC5>
I0000 00:00:1789580773.815094    1982 trainer_interface.cc:440] Adding meta_piece: <0xC6>
I0000 00:00:1789580773.815095    1982 trainer_interface.cc:440] Adding meta_piece: <0xC7>
I0000 00:00:1789580773.815096    1982 trainer_interface.cc:440] Adding meta_piece: <0xC8>
I0000 00:00:1789580773.815099    1982 trainer_interface.cc:440] Adding meta_piece: <0xC9>
I0000 00:00:1789580773.815100    1982 trainer_interface.cc:440] Adding meta_piece: <0xCA>
I0000 00:00:1789580773.815102    1982 trainer_interface.cc:440] Adding meta_piece: <0xCB>
I0000 00:00:1789580773.815105    1982 trainer_interface.cc:440] Adding meta_piece: <0xCC>
I0000 00:00:1789580773.815106    1982 trainer_interface.cc:440] Adding meta_piece: <0xCD>
I0000 00:00:1789580773.815109    1982 trainer_interface.cc:440] Adding meta_piece: <0xCE>
I0000 00:00:1789580773.815110    1982 trainer_interface.cc:440] Adding meta_piece: <0xCF>
I0000 00:00:1789580773.815112    1982 trainer_interface.cc:440] Adding meta_piece: <0xD0>
I0000 00:00:1789580773.815114    1982 trainer_interface.cc:440] Adding meta_piece: <0xD1>
I0000 00:00:1789580773.815116    1982 trainer_interface.cc:440] Adding meta_piece: <0xD2>
I0000 00:00:1789580773.815117    1982 trainer_interface.cc:440] Adding meta_piece: <0xD3>
I0000 00:00:1789580773.815120    1982 trainer_interface.cc:440] Adding meta_piece: <0xD4>
I0000 00:00:1789580773.815121    1982 trainer_interface.cc:440] Adding meta_piece: <0xD5>
I0000 00:00:1789580773.815124    1982 trainer_interface.cc:440] Adding meta_piece: <0xD6>
I0000 00:00:1789580773.815125    1982 trainer_interface.cc:440] Adding meta_piece: <0xD7>
I0000 00:00:1789580773.815127    1982 trainer_interface.cc:440] Adding meta_piece: <0xD8>
I0000 00:00:1789580773.815129    1982 trainer_interface.cc:440] Adding meta_piece: <0xD9>
I0000 00:00:1789580773.815131    1982 trainer_interface.cc:440] Adding meta_piece: <0xDA>
I0000 00:00:1789580773.815134    1982 trainer_interface.cc:440] Adding meta_piece: <0xDB>
I0000 00:00:1789580773.815135    1982 trainer_interface.cc:440] Adding meta_piece: <0xDC>
I0000 00:00:1789580773.815137    1982 trainer_interface.cc:440] Adding meta_piece: <0xDD>
I0000 00:00:1789580773.815139    1982 trainer_interface.cc:440] Adding meta_piece: <0xDE>
I0000 00:00:1789580773.815141    1982 trainer_interface.cc:440] Adding meta_piece: <0xDF>
I0000 00:00:1789580773.815145    1982 trainer_interface.cc:440] Adding meta_piece: <0xE0>
I0000 00:00:1789580773.815146    1982 trainer_interface.cc:440] Adding meta_piece: <0xE1>
I0000 00:00:1789580773.815148    1982 trainer_interface.cc:440] Adding meta_piece: <0xE2>
I0000 00:00:1789580773.815151    1982 trainer_interface.cc:440] Adding meta_piece: <0xE3>
I0000 00:00:1789580773.815154    1982 trainer_interface.cc:440] Adding meta_piece: <0xE4>
I0000 00:00:1789580773.815155    1982 trainer_interface.cc:440] Adding meta_piece: <0xE5>
I0000 00:00:1789580773.815158    1982 trainer_interface.cc:440] Adding meta_piece: <0xE6>
I0000 00:00:1789580773.815160    1982 trainer_interface.cc:440] Adding meta_piece: <0xE7>
I0000 00:00:1789580773.815161    1982 trainer_interface.cc:440] Adding meta_piece: <0xE8>
I0000 00:00:1789580773.815162    1982 trainer_interface.cc:440] Adding meta_piece: <0xE9>
I0000 00:00:1789580773.815165    1982 trainer_interface.cc:440] Adding meta_piece: <0xEA>
I0000 00:00:1789580773.815166    1982 trainer_interface.cc:440] Adding meta_piece: <0xEB>
I0000 00:00:1789580773.815168    1982 trainer_interface.cc:440] Adding meta_piece: <0xEC>
I0000 00:00:1789580773.815170    1982 trainer_interface.cc:440] Adding meta_piece: <0xED>
I0000 00:00:1789580773.815172    1982 trainer_interface.cc:440] Adding meta_piece: <0xEE>
I0000 00:00:1789580773.815173    1982 trainer_interface.cc:440] Adding meta_piece: <0xEF>
I0000 00:00:1789580773.815176    1982 trainer_interface.cc:440] Adding meta_piece: <0xF0>
I0000 00:00:1789580773.815177    1982 trainer_interface.cc:440] Adding meta_piece: <0xF1>
I0000 00:00:1789580773.815180    1982 trainer_interface.cc:440] Adding meta_piece: <0xF2>
I0000 00:00:1789580773.815182    1982 trainer_interface.cc:440] Adding meta_piece: <0xF3>
I0000 00:00:1789580773.815183    1982 trainer_interface.cc:440] Adding meta_piece: <0xF4>
I0000 00:00:1789580773.815187    1982 trainer_interface.cc:440] Adding meta_piece: <0xF5>
I0000 00:00:1789580773.815188    1982 trainer_interface.cc:440] Adding meta_piece: <0xF6>
I0000 00:00:1789580773.815189    1982 trainer_interface.cc:440] Adding meta_piece: <0xF7>
I0000 00:00:1789580773.815191    1982 trainer_interface.cc:440] Adding meta_piece: <0xF8>
I0000 00:00:1789580773.815193    1982 trainer_interface.cc:440] Adding meta_piece: <0xF9>
I0000 00:00:1789580773.815195    1982 trainer_interface.cc:440] Adding meta_piece: <0xFA>
I0000 00:00:1789580773.815196    1982 trainer_interface.cc:440] Adding meta_piece: <0xFB>
I0000 00:00:1789580773.815199    1982 trainer_interface.cc:440] Adding meta_piece: <0xFC>
I0000 00:00:1789580773.815200    1982 trainer_interface.cc:440] Adding meta_piece: <0xFD>
I0000 00:00:1789580773.815201    1982 trainer_interface.cc:440] Adding meta_piece: <0xFE>
I0000 00:00:1789580773.815205    1982 trainer_interface.cc:440] Adding meta_piece: <0xFF>
I0000 00:00:1789580773.815254    1982 trainer_interface.cc:445] Normalizing sentences...
I0000 00:00:1789580790.216944    1982 trainer_interface.cc:540] Found null character. The corpus must be encoded in utf-8.
I0000 00:00:1789580790.217012    1982 trainer_interface.cc:540] Found null character. The corpus must be encoded in utf-8.
I0000 00:00:1789580793.338846    1982 trainer_interface.cc:540] Found null character. The corpus must be encoded in utf-8.
I0000 00:00:1789580794.864728    1982 trainer_interface.cc:540] Found null character. The corpus must be encoded in utf-8.
I0000 00:00:1789580800.021696    1982 trainer_interface.cc:540] Found null character. The corpus must be encoded in utf-8.
I0000 00:00:1789580800.021763    1982 trainer_interface.cc:540] Found null character. The corpus must be encoded in utf-8.
I0000 00:00:1789580806.517296    1982 trainer_interface.cc:540] Found null character. The corpus must be encoded in utf-8.
I0000 00:00:1789580806.517353    1982 trainer_interface.cc:540] Found null character. The corpus must be encoded in utf-8.
I0000 00:00:1789580806.517355    1982 trainer_interface.cc:540] Found null character. The corpus must be encoded in utf-8.
I0000 00:00:1789580806.517359    1982 trainer_interface.cc:540] Found null character. The corpus must be encoded in utf-8.
I0000 00:00:1789580806.517361    1982 trainer_interface.cc:540] Found null character. The corpus must be encoded in utf-8.
I0000 00:00:1789580806.517432    1982 trainer_interface.cc:540] Found null character. The corpus must be encoded in utf-8.
I0000 00:00:1789580806.517437    1982 trainer_interface.cc:540] Found null character. The corpus must be encoded in utf-8.
I0000 00:00:1789580806.517439    1982 trainer_interface.cc:540] Found null character. The corpus must be encoded in utf-8.
I0000 00:00:1789580806.517440    1982 trainer_interface.cc:540] Found null character. The corpus must be encoded in utf-8.
I0000 00:00:1789580806.517442    1982 trainer_interface.cc:540] Found null character. The corpus must be encoded in utf-8.
I0000 00:00:1789580806.517446    1982 trainer_interface.cc:540] Found null character. The corpus must be encoded in utf-8.
I0000 00:00:1789580806.517448    1982 trainer_interface.cc:540] Found null character. The corpus must be encoded in utf-8.
I0000 00:00:1789580806.517449    1982 trainer_interface.cc:540] Found null character. The corpus must be encoded in utf-8.
I0000 00:00:1789580806.517451    1982 trainer_interface.cc:540] Found null character. The corpus must be encoded in utf-8.
I0000 00:00:1789580806.517454    1982 trainer_interface.cc:540] Found null character. The corpus must be encoded in utf-8.
I0000 00:00:1789580806.517456    1982 trainer_interface.cc:540] Found null character. The corpus must be encoded in utf-8.
I0000 00:00:1789580806.517458    1982 trainer_interface.cc:540] Found null character. The corpus must be encoded in utf-8.
I0000 00:00:1789580808.701072    1982 trainer_interface.cc:540] Found null character. The corpus must be encoded in utf-8.
I0000 00:00:1789580814.629711    1982 trainer_interface.cc:540] Found null character. The corpus must be encoded in utf-8.
I0000 00:00:1789580814.629768    1982 trainer_interface.cc:540] Found null character. The corpus must be encoded in utf-8.
I0000 00:00:1789580815.995638    1982 trainer_interface.cc:540] Found null character. The corpus must be encoded in utf-8.
I0000 00:00:1789580815.995689    1982 trainer_interface.cc:540] Found null character. The corpus must be encoded in utf-8.
I0000 00:00:1789580815.995693    1982 trainer_interface.cc:540] Found null character. The corpus must be encoded in utf-8.
I0000 00:00:1789580815.995696    1982 trainer_interface.cc:540] Found null character. The corpus must be encoded in utf-8.
I0000 00:00:1789580815.995698    1982 trainer_interface.cc:540] Found null character. The corpus must be encoded in utf-8.
I0000 00:00:1789580815.995699    1982 trainer_interface.cc:540] Found null character. The corpus must be encoded in utf-8.
I0000 00:00:1789580815.995701    1982 trainer_interface.cc:540] Found null character. The corpus must be encoded in utf-8.
I0000 00:00:1789580815.995703    1982 trainer_interface.cc:540] Found null character. The corpus must be encoded in utf-8.
I0000 00:00:1789580815.995706    1982 trainer_interface.cc:540] Found null character. The corpus must be encoded in utf-8.
I0000 00:00:1789580815.995709    1982 trainer_interface.cc:540] Found null character. The corpus must be encoded in utf-8.
I0000 00:00:1789580815.995711    1982 trainer_interface.cc:540] Found null character. The corpus must be encoded in utf-8.
I0000 00:00:1789580815.995712    1982 trainer_interface.cc:540] Found null character. The corpus must be encoded in utf-8.
I0000 00:00:1789580806.517296    1982 trainer_interface.cc:540] Found null character. The corpus must be encoded in utf-8.
I0000 00:00:1789580806.517353    1982 trainer_interface.cc:540] Found null character. The corpus must be encoded in utf-8.
I0000 00:00:1789580806.517355    1982 trainer_interface.cc:540] Found null character. The corpus must be encoded in utf-8.
I0000 00:00:1789580806.517359    1982 trainer_interface.cc:540] Found null character. The corpus must be encoded in utf-8.
I0000 00:00:1789580806.517361    1982 trainer_interface.cc:540] Found null character. The corpus must be encoded in utf-8.
I0000 00:00:1789580806.517432    1982 trainer_interface.cc:540] Found null character. The corpus must be encoded in utf-8.
I0000 00:00:1789580806.517437    1982 trainer_interface.cc:540] Found null character. The corpus must be encoded in utf-8.
I0000 00:00:1789580806.517439    1982 trainer_interface.cc:540] Found null character. The corpus must be encoded in utf-8.
I0000 00:00:1789580806.517440    1982 trainer_interface.cc:540] Found null character. The corpus must be encoded in utf-8.
I0000 00:00:1789580806.517442    1982 trainer_interface.cc:540] Found null character. The corpus must be encoded in utf-8.
I0000 00:00:1789580806.517446    1982 trainer_interface.cc:540] Found null character. The corpus must be encoded in utf-8.
I0000 00:00:1789580806.517448    1982 trainer_interface.cc:540] Found null character. The corpus must be encoded in utf-8.
I0000 00:00:1789580806.517449    1982 trainer_interface.cc:540] Found null character. The corpus must be encoded in utf-8.
I0000 00:00:1789580806.517451    1982 trainer_interface.cc:540] Found null character. The corpus must be encoded in utf-8.
I0000 00:00:1789580806.517454    1982 trainer_interface.cc:540] Found null character. The corpus must be encoded in utf-8.
I0000 00:00:1789580806.517456    1982 trainer_interface.cc:540] Found null character. The corpus must be encoded in utf-8.
I0000 00:00:1789580806.517458    1982 trainer_interface.cc:540] Found null character. The corpus must be encoded in utf-8.
I0000 00:00:1789580808.701072    1982 trainer_interface.cc:540] Found null character. The corpus must be encoded in utf-8.
I0000 00:00:1789580814.629711    1982 trainer_interface.cc:540] Found null character. The corpus must be encoded in utf-8.
I0000 00:00:1789580814.629768    1982 trainer_interface.cc:540] Found null character. The corpus must be encoded in utf-8.
I0000 00:00:1789580815.995638    1982 trainer_interface.cc:540] Found null character. The corpus must be encoded in utf-8.
I0000 00:00:1789580815.995689    1982 trainer_interface.cc:540] Found null character. The corpus must be encoded in utf-8.
I0000 00:00:1789580815.995693    1982 trainer_interface.cc:540] Found null character. The corpus must be encoded in utf-8.
I0000 00:00:1789580815.995696    1982 trainer_interface.cc:540] Found null character. The corpus must be encoded in utf-8.
I0000 00:00:1789580815.995698    1982 trainer_interface.cc:540] Found null character. The corpus must be encoded in utf-8.
I0000 00:00:1789580815.995699    1982 trainer_interface.cc:540] Found null character. The corpus must be encoded in utf-8.
I0000 00:00:1789580815.995701    1982 trainer_interface.cc:540] Found null character. The corpus must be encoded in utf-8.
I0000 00:00:1789580815.995703    1982 trainer_interface.cc:540] Found null character. The corpus must be encoded in utf-8.
I0000 00:00:1789580815.995706    1982 trainer_interface.cc:540] Found null character. The corpus must be encoded in utf-8.
I0000 00:00:1789580815.995709    1982 trainer_interface.cc:540] Found null character. The corpus must be encoded in utf-8.
I0000 00:00:1789580815.995711    1982 trainer_interface.cc:540] Found null character. The corpus must be encoded in utf-8.
I0000 00:00:1789580815.995712    1982 trainer_interface.cc:540] Found null character. The corpus must be encoded in utf-8.
I0000 00:00:1789580803.741348    1982 trainer_interface.cc:540] Found null character. The corpus must be encoded in utf-8.
I0000 00:00:1789580803.741415    1982 trainer_interface.cc:540] Found null character. The corpus must be encoded in utf-8.
I0000 00:00:1789580806.517296    1982 trainer_interface.cc:540] Found null character. The corpus must be encoded in utf-8.
I0000 00:00:1789580806.517353    1982 trainer_interface.cc:540] Found null character. The corpus must be encoded in utf-8.
I0000 00:00:1789580806.517355    1982 trainer_interface.cc:540] Found null character. The corpus must be encoded in utf-8.
I0000 00:00:1789580806.517359    1982 trainer_interface.cc:540] Found null character. The corpus must be encoded in utf-8.
I0000 00:00:1789580806.517361    1982 trainer_interface.cc:540] Found null character. The corpus must be encoded in utf-8.
I0000 00:00:1789580806.517432    1982 trainer_interface.cc:540] Found null character. The corpus must be encoded in utf-8.
I0000 00:00:1789580806.517437    1982 trainer_interface.cc:540] Found null character. The corpus must be encoded in utf-8.
I0000 00:00:1789580806.517439    1982 trainer_interface.cc:540] Found null character. The corpus must be encoded in utf-8.
I0000 00:00:1789580806.517440    1982 trainer_interface.cc:540] Found null character. The corpus must be encoded in utf-8.
I0000 00:00:1789580806.517442    1982 trainer_interface.cc:540] Found null character. The corpus must be encoded in utf-8.
I0000 00:00:1789580806.517446    1982 trainer_interface.cc:540] Found null character. The corpus must be encoded in utf-8.
I0000 00:00:1789580806.517448    1982 trainer_interface.cc:540] Found null character. The corpus must be encoded in utf-8.
I0000 00:00:1789580806.517449    1982 trainer_interface.cc:540] Found null character. The corpus must be encoded in utf-8.
I0000 00:00:1789580806.517451    1982 trainer_interface.cc:540] Found null character. The corpus must be encoded in utf-8.
I0000 00:00:1789580806.517454    1982 trainer_interface.cc:540] Found null character. The corpus must be encoded in utf-8.
I0000 00:00:1789580806.517456    1982 trainer_interface.cc:540] Found null character. The corpus must be encoded in utf-8.
I0000 00:00:1789580806.517458    1982 trainer_interface.cc:540] Found null character. The corpus must be encoded in utf-8.
I0000 00:00:1789580808.701072    1982 trainer_interface.cc:540] Found null character. The corpus must be encoded in utf-8.
I0000 00:00:1789580814.629711    1982 trainer_interface.cc:540] Found null character. The corpus must be encoded in utf-8.
I0000 00:00:1789580814.629768    1982 trainer_interface.cc:540] Found null character. The corpus must be encoded in utf-8.
I0000 00:00:1789580815.995638    1982 trainer_interface.cc:540] Found null character. The corpus must be encoded in utf-8.
I0000 00:00:1789580815.995689    1982 trainer_interface.cc:540] Found null character. The corpus must be encoded in utf-8.
I0000 00:00:1789580815.995693    1982 trainer_interface.cc:540] Found null character. The corpus must be encoded in utf-8.
I0000 00:00:1789580815.995696    1982 trainer_interface.cc:540] Found null character. The corpus must be encoded in utf-8.
I0000 00:00:1789580815.995698    1982 trainer_interface.cc:540] Found null character. The corpus must be encoded in utf-8.
I0000 00:00:1789580815.995699    1982 trainer_interface.cc:540] Found null character. The corpus must be encoded in utf-8.
I0000 00:00:1789580815.995701    1982 trainer_interface.cc:540] Found null character. The corpus must be encoded in utf-8.
I0000 00:00:1789580815.995703    1982 trainer_interface.cc:540] Found null character. The corpus must be encoded in utf-8.
I0000 00:00:1789580815.995706    1982 trainer_interface.cc:540] Found null character. The corpus must be encoded in utf-8.
I0000 00:00:1789580815.995709    1982 trainer_interface.cc:540] Found null character. The corpus must be encoded in utf-8.
I0000 00:00:1789580815.995711    1982 trainer_interface.cc:540] Found null character. The corpus must be encoded in utf-8.
I0000 00:00:1789580815.995712    1982 trainer_interface.cc:540] Found null character. The corpus must be encoded in utf-8.
I0000 00:00:1789580819.296415    1982 trainer_interface.cc:540] Found null character. The corpus must be encoded in utf-8.
I0000 00:00:1789580819.296543    1982 trainer_interface.cc:540] Found null character. The corpus must be encoded in utf-8.
I0000 00:00:1789580819.296549    1982 trainer_interface.cc:540] Found null character. The corpus must be encoded in utf-8.
I0000 00:00:1789580820.315622    1982 trainer_interface.cc:540] Found null character. The corpus must be encoded in utf-8.
I0000 00:00:1789580820.315684    1982 trainer_interface.cc:540] Found null character. The corpus must be encoded in utf-8.
I0000 00:00:1789580823.129607    1982 trainer_interface.cc:540] Found null character. The corpus must be encoded in utf-8.
I0000 00:00:1789580824.518879    1982 trainer_interface.cc:540] Found null character. The corpus must be encoded in utf-8.
I0000 00:00:1789580825.703897    1982 trainer_interface.cc:555] all chars count=2999965705
I0000 00:00:1789580825.708025    1982 trainer_interface.cc:566] Done: 99.95% characters are covered.
I0000 00:00:1789580825.708074    1982 trainer_interface.cc:578] Alphabet size=7205
I0000 00:00:1789580825.708077    1982 trainer_interface.cc:579] Final character coverage=0.9995
I0000 00:00:1789580900.593705    1982 trainer_interface.cc:609] Done! preprocessed 33578623 sentences.
I0000 00:00:1789580900.593758    1982 trainer_interface.cc:615] Tokenizing input sentences with whitespace: 33578623
I0000 00:00:1789583596.599922    1982 bpe_model_trainer.cc:321] Added: freq=3543 size=46200 all=110219616 active=110212409 piece=求生
I0000 00:00:1789583596.698638    1982 bpe_model_trainer.cc:321] Added: freq=3542 size=46220 all=110249507 active=110242300 piece=社会服务
I0000 00:00:1789583596.790884    1982 bpe_model_trainer.cc:321] Added: freq=3540 size=46240 all=110269800 active=110262593 piece=采取有效措施
I0000 00:00:1789583596.895783    1982 bpe_model_trainer.cc:321] Added: freq=3537 size=46260 all=110295238 active=110288031 piece=正宗
I0000 00:00:1789583596.981900    1982 bpe_model_trainer.cc:321] Added: freq=3535 size=46280 all=110316133 active=110308926 piece=恭喜
I0000 00:00:1789583597.075414    1982 bpe_model_trainer.cc:321] Added: freq=3534 size=46300 all=110342359 active=110335152 piece=▁associ
I0000 00:00:1789583597.172341    1982 bpe_model_trainer.cc:321] Added: freq=3532 size=46320 all=110364878 active=110357671 piece=体育教师
I0000 00:00:1789583597.298097    1982 bpe_model_trainer.cc:321] Added: freq=3530 size=46340 all=110392295 active=110385088 piece=社会责任感
I0000 00:00:1789583597.380924    1982 bpe_model_trainer.cc:321] Added: freq=3528 size=46360 all=110415956 active=110408749 piece=中可
I0000 00:00:1789583597.479986    1982 bpe_model_trainer.cc:321] Added: freq=3527 size=46380 all=110445691 active=110438484 piece=水环境
I0000 00:00:1789583597.570703    1982 bpe_model_trainer.cc:321] Added: freq=3525 size=46400 all=110473299 active=110466092 piece=华严
I0000 00:00:1789583597.666327    1982 bpe_model_trainer.cc:321] Added: freq=3523 size=46420 all=110496896 active=110489689 piece=由衷
I0000 00:00:1789583597.758308    1982 bpe_model_trainer.cc:321] Added: freq=3522 size=46440 all=110519006 active=110511799 piece=孩子自己
I0000 00:00:1789583597.862618    1982 bpe_model_trainer.cc:321] Added: freq=3520 size=46460 all=110546444 active=110539237 piece=共和国的
I0000 00:00:1789583597.955909    1982 bpe_model_trainer.cc:321] Added: freq=3518 size=46480 all=110564939 active=110557732 piece=不要说
I0000 00:00:1789583598.056849    1982 bpe_model_trainer.cc:321] Added: freq=3517 size=46500 all=110596989 active=110589782 piece=根据上述
I0000 00:00:1789583598.134317    1982 bpe_model_trainer.cc:321] Added: freq=3515 size=46520 all=110616873 active=110609666 piece=前部
I0000 00:00:1789583598.237715    1982 bpe_model_trainer.cc:321] Added: freq=3513 size=46540 all=110640292 active=110633085 piece=也不少
I0000 00:00:1789583598.328996    1982 bpe_model_trainer.cc:321] Added: freq=3512 size=46560 all=110666180 active=110658973 piece=康复治疗
I0000 00:00:1789583598.409536    1982 bpe_model_trainer.cc:321] Added: freq=3511 size=46580 all=110689139 active=110681932 piece=森林防火
I0000 00:00:1789583598.503704    1982 bpe_model_trainer.cc:321] Added: freq=3509 size=46600 all=110713932 active=110706725 piece=的客户
I0000 00:00:1789583598.603126    1982 bpe_model_trainer.cc:321] Added: freq=3507 size=46620 all=110744766 active=110737559 piece=接见
I0000 00:00:1789583598.699854    1982 bpe_model_trainer.cc:321] Added: freq=3506 size=46640 all=110765660 active=110758453 piece=劳动保护
I0000 00:00:1789583598.777189    1982 bpe_model_trainer.cc:321] Added: freq=3504 size=46660 all=110787378 active=110780171 piece=到晚
I0000 00:00:1789583598.874579    1982 bpe_model_trainer.cc:321] Added: freq=3503 size=46680 all=110811265 active=110804058 piece=这段历史
I0000 00:00:1789583598.965327    1982 bpe_model_trainer.cc:321] Added: freq=3501 size=46700 all=110834751 active=110827544 piece=绿卡
I0000 00:00:1789583599.045685    1982 bpe_model_trainer.cc:321] Added: freq=3500 size=46720 all=110858772 active=110851565 piece=桌子上
I0000 00:00:1789583599.148117    1982 bpe_model_trainer.cc:321] Added: freq=3498 size=46740 all=110883862 active=110876655 piece=江口
I0000 00:00:1789583599.249828    1982 bpe_model_trainer.cc:321] Added: freq=3497 size=46760 all=110909873 active=110902666 piece=胚胎发育
I0000 00:00:1789583599.375156    1982 bpe_model_trainer.cc:321] Added: freq=3495 size=46780 all=110936368 active=110929161 piece=表决意见的计票进行监督
I0000 00:00:1789583599.482040    1982 bpe_model_trainer.cc:321] Added: freq=3493 size=46800 all=110963846 active=110956639 piece=科学精神
I0000 00:00:1789583599.581793    1982 bpe_model_trainer.cc:321] Added: freq=3491 size=46820 all=110988324 active=110981117 piece=偿还债务
I0000 00:00:1789583599.691890    1982 bpe_model_trainer.cc:321] Added: freq=3488 size=46840 all=111012626 active=111005419 piece=装满
I0000 00:00:1789583599.786354    1982 bpe_model_trainer.cc:321] Added: freq=3487 size=46860 all=111038956 active=111031749 piece=的高端
I0000 00:00:1789583599.887255    1982 bpe_model_trainer.cc:321] Added: freq=3485 size=46880 all=111062592 active=111055385 piece=中看到
I0000 00:00:1789583599.983000    1982 bpe_model_trainer.cc:321] Added: freq=3484 size=46900 all=111088005 active=111080798 piece=或等于
I0000 00:00:1789583600.093855    1982 bpe_model_trainer.cc:321] Added: freq=3482 size=46920 all=111107598 active=111100391 piece=与处理
I0000 00:00:1789583600.187104    1982 bpe_model_trainer.cc:321] Added: freq=3480 size=46940 all=111131626 active=111124419 piece=二楼
I0000 00:00:1789583600.298281    1982 bpe_model_trainer.cc:321] Added: freq=3478 size=46960 all=111158668 active=111151461 piece=]13
I0000 00:00:1789583600.393605    1982 bpe_model_trainer.cc:321] Added: freq=3477 size=46980 all=111183430 active=111176223 piece=低密度脂蛋白
I0000 00:00:1789583600.495156    1982 bpe_model_trainer.cc:321] Added: freq=3475 size=47000 all=111204598 active=111197391 piece=劳务报酬
I0000 00:00:1789583600.591650    1982 bpe_model_trainer.cc:321] Added: freq=3473 size=47020 all=111226205 active=111218998 piece=成片
I0000 00:00:1789583600.680347    1982 bpe_model_trainer.cc:321] Added: freq=3472 size=47040 all=111250989 active=111243782 piece=信心和
I0000 00:00:1789583600.770418    1982 bpe_model_trainer.cc:321] Added: freq=3471 size=47060 all=111276148 active=111268941 piece=新型冠状病毒感染
I0000 00:00:1789583600.889703    1982 bpe_model_trainer.cc:321] Added: freq=3469 size=47080 all=111304872 active=111297665 piece=要关注
I0000 00:00:1789583600.976439    1982 bpe_model_trainer.cc:321] Added: freq=3468 size=47100 all=111332127 active=111324920 piece=效率低下
I0000 00:00:1789583601.082616    1982 bpe_model_trainer.cc:321] Added: freq=3465 size=47120 all=111358529 active=111351322 piece=喧嚣
I0000 00:00:1789583601.178450    1982 bpe_model_trainer.cc:321] Added: freq=3464 size=47140 all=111383840 active=111376633 piece=技术专业
I0000 00:00:1789583601.268594    1982 bpe_model_trainer.cc:321] Added: freq=3462 size=47160 all=111406434 active=111399227 piece=麦冬
I0000 00:00:1789583601.358473    1982 bpe_model_trainer.cc:321] Added: freq=3460 size=47180 all=111431878 active=111424671 piece=言谈
I0000 00:00:1789583601.451620    1982 bpe_model_trainer.cc:321] Added: freq=3459 size=47200 all=111455917 active=111448710 piece=四舍五入
I0000 00:00:1789583601.567334    1982 bpe_model_trainer.cc:321] Added: freq=3457 size=47220 all=111480629 active=111473422 piece=业务规则
I0000 00:00:1789583601.667495    1982 bpe_model_trainer.cc:321] Added: freq=3455 size=47240 all=111508054 active=111500847 piece=顺口
I0000 00:00:1789583601.766960    1982 bpe_model_trainer.cc:321] Added: freq=3453 size=47260 all=111530311 active=111523104 piece=一个非常
I0000 00:00:1789583601.858954    1982 bpe_model_trainer.cc:321] Added: freq=3451 size=47280 all=111553705 active=111546498 piece=不下来
I0000 00:00:1789583601.951364    1982 bpe_model_trainer.cc:321] Added: freq=3450 size=47300 all=111581329 active=111574122 piece=的气息
I0000 00:00:1789583602.042316    1982 bpe_model_trainer.cc:321] Added: freq=3449 size=47320 all=111608051 active=111600844 piece=存款利率
I0000 00:00:1789583602.125341    1982 bpe_model_trainer.cc:321] Added: freq=3447 size=47340 all=111631281 active=111624074 piece=互動
I0000 00:00:1789583602.209350    1982 bpe_model_trainer.cc:321] Added: freq=3446 size=47360 all=111653762 active=111646555 piece=新教
I0000 00:00:1789583602.323345    1982 bpe_model_trainer.cc:321] Added: freq=3445 size=47380 all=111680873 active=111673666 piece=因素有关
I0000 00:00:1789583602.423608    1982 bpe_model_trainer.cc:321] Added: freq=3443 size=47400 all=111709836 active=111702629 piece=逆时针
I0000 00:00:1789583602.517634    1982 bpe_model_trainer.cc:321] Added: freq=3441 size=47420 all=111737215 active=111730008 piece=小王
I0000 00:00:1789583602.592461    1982 bpe_model_trainer.cc:321] Added: freq=3440 size=47440 all=111755283 active=111748076 piece=文化发展
I0000 00:00:1789583602.691815    1982 bpe_model_trainer.cc:321] Added: freq=3438 size=47460 all=111778160 active=111770953 piece=基金托管人和
I0000 00:00:1789583602.789374    1982 bpe_model_trainer.cc:321] Added: freq=3436 size=47480 all=111802904 active=111795697 piece=区域内的
I0000 00:00:1789583602.878721    1982 bpe_model_trainer.cc:321] Added: freq=3434 size=47500 all=111825909 active=111818702 piece=计征
I0000 00:00:1789583602.985680    1982 bpe_model_trainer.cc:321] Added: freq=3432 size=47520 all=111846850 active=111839643 piece=将所
I0000 00:00:1789583603.085635    1982 bpe_model_trainer.cc:321] Added: freq=3431 size=47540 all=111872003 active=111864796 piece=▁place
I0000 00:00:1789583603.164416    1982 bpe_model_trainer.cc:321] Added: freq=3429 size=47560 all=111895154 active=111887947 piece=參加
I0000 00:00:1789583603.258658    1982 bpe_model_trainer.cc:321] Added: freq=3428 size=47580 all=111922924 active=111915717 piece=和第二
I0000 00:00:1789583603.366791    1982 bpe_model_trainer.cc:321] Added: freq=3426 size=47600 all=111950379 active=111943172 piece=青草
I0000 00:00:1789583603.478270    1982 bpe_model_trainer.cc:321] Added: freq=3425 size=47620 all=111981367 active=111974160 piece=▁HTML
I0000 00:00:1789583603.580119    1982 bpe_model_trainer.cc:321] Added: freq=3423 size=47640 all=112004244 active=111997037 piece=社会制度
I0000 00:00:1789583603.690770    1982 bpe_model_trainer.cc:321] Added: freq=3421 size=47660 all=112030386 active=112023179 piece=与收益相关
I0000 00:00:1789583603.763580    1982 bpe_model_trainer.cc:321] Added: freq=3419 size=47680 all=112048644 active=112041437 piece=工巧
I0000 00:00:1789583603.863323    1982 bpe_model_trainer.cc:321] Added: freq=3418 size=47700 all=112072640 active=112065433 piece=等产品
I0000 00:00:1789583603.953892    1982 bpe_model_trainer.cc:321] Added: freq=3416 size=47720 all=112098007 active=112090800 piece=文學
I0000 00:00:1789583604.040855    1982 bpe_model_trainer.cc:321] Added: freq=3415 size=47740 all=112119441 active=112112234 piece=必须注意
I0000 00:00:1789583604.141748    1982 bpe_model_trainer.cc:321] Added: freq=3413 size=47760 all=112147978 active=112140771 piece=电流的
I0000 00:00:1789583604.221614    1982 bpe_model_trainer.cc:321] Added: freq=3412 size=47780 all=112169246 active=112162039 piece=首先应该
I0000 00:00:1789583604.329127    1982 bpe_model_trainer.cc:321] Added: freq=3410 size=47800 all=112199271 active=112192064 piece=按揭贷款
I0000 00:00:1789583604.442666    1982 bpe_model_trainer.cc:321] Added: freq=3407 size=47820 all=112220535 active=112213328 piece=倒霉
I0000 00:00:1789583604.527740    1982 bpe_model_trainer.cc:321] Added: freq=3406 size=47840 all=112244024 active=112236817 piece=早泄
I0000 00:00:1789583604.618371    1982 bpe_model_trainer.cc:321] Added: freq=3405 size=47860 all=112266240 active=112259033 piece=无害化处理
I0000 00:00:1789583604.709199    1982 bpe_model_trainer.cc:321] Added: freq=3403 size=47880 all=112292248 active=112285041 piece=牵牛
I0000 00:00:1789583604.807503    1982 bpe_model_trainer.cc:321] Added: freq=3401 size=47900 all=112313505 active=112306298 piece=并导致
I0000 00:00:1789583604.891125    1982 bpe_model_trainer.cc:321] Added: freq=3400 size=47920 all=112339541 active=112332334 piece=循环的
I0000 00:00:1789583604.993094    1982 bpe_model_trainer.cc:321] Added: freq=3398 size=47940 all=112367945 active=112360738 piece=解放区
I0000 00:00:1789583605.104506    1982 bpe_model_trainer.cc:321] Added: freq=3396 size=47960 all=112390109 active=112382902 piece=该怎么做
I0000 00:00:1789583605.185929    1982 bpe_model_trainer.cc:321] Added: freq=3394 size=47980 all=112414439 active=112407232 piece=。
I0000 00:00:1789583605.280542    1982 bpe_model_trainer.cc:321] Added: freq=3392 size=48000 all=112439493 active=112432286 piece=先帝
I0000 00:00:1789583605.392720    1982 bpe_model_trainer.cc:321] Added: freq=3390 size=48020 all=112466221 active=112459014 piece=该无形资产
I0000 00:00:1789583605.481684    1982 bpe_model_trainer.cc:321] Added: freq=3388 size=48040 all=112494164 active=112486957 piece=点对点
I0000 00:00:1789583605.569828    1982 bpe_model_trainer.cc:321] Added: freq=3386 size=48060 all=112519287 active=112512080 piece=pu
I0000 00:00:1789583605.667112    1982 bpe_model_trainer.cc:321] Added: freq=3385 size=48080 all=112544693 active=112537486 piece=预期信用
I0000 00:00:1789583605.754378    1982 bpe_model_trainer.cc:321] Added: freq=3383 size=48100 all=112570281 active=112563074 piece=这既
I0000 00:00:1789583605.847406    1982 bpe_model_trainer.cc:321] Added: freq=3381 size=48120 all=112595586 active=112588379 piece=殊胜
I0000 00:00:1789583605.931765    1982 bpe_model_trainer.cc:321] Added: freq=3380 size=48140 all=112617652 active=112610445 piece=以解决
I0000 00:00:1789583606.044265    1982 bpe_model_trainer.cc:321] Added: freq=3379 size=48160 all=112648017 active=112640810 piece=确实存在
I0000 00:00:1789583606.142630    1982 bpe_model_trainer.cc:321] Added: freq=3377 size=48180 all=112675078 active=112667871 piece=群体性
I0000 00:00:1789583606.219629    1982 bpe_model_trainer.cc:321] Added: freq=3376 size=48200 all=112698296 active=112691089 piece=和生态
I0000 00:00:1789583606.309006    1982 bpe_model_trainer.cc:321] Added: freq=3374 size=48220 all=112719822 active=112712615 piece=游走
I0000 00:00:1789583606.394618    1982 bpe_model_trainer.cc:321] Added: freq=3373 size=48240 all=112742357 active=112735150 piece=新要求
I0000 00:00:1789583606.486614    1982 bpe_model_trainer.cc:321] Added: freq=3371 size=48260 all=112765212 active=112758005 piece=私法
I0000 00:00:1789583606.578319    1982 bpe_model_trainer.cc:321] Added: freq=3370 size=48280 all=112792296 active=112785089 piece=建立了一个
I0000 00:00:1789583606.671061    1982 bpe_model_trainer.cc:321] Added: freq=3369 size=48300 all=112814863 active=112807656 piece=申购或赎回
I0000 00:00:1789583606.755694    1982 bpe_model_trainer.cc:321] Added: freq=3367 size=48320 all=112836671 active=112829464 piece=例患者
I0000 00:00:1789583606.845733    1982 bpe_model_trainer.cc:321] Added: freq=3366 size=48340 all=112859740 active=112852533 piece=的研究发现
I0000 00:00:1789583606.937858    1982 bpe_model_trainer.cc:321] Added: freq=3364 size=48360 all=112883406 active=112876199 piece=危重症
I0000 00:00:1789583607.029990    1982 bpe_model_trainer.cc:321] Added: freq=3362 size=48380 all=112909111 active=112901904 piece=了解下
I0000 00:00:1789583607.118645    1982 bpe_model_trainer.cc:321] Added: freq=3361 size=48400 all=112936218 active=112929011 piece=肌肉萎缩
I0000 00:00:1789583607.211561    1982 bpe_model_trainer.cc:321] Added: freq=3359 size=48420 all=112958019 active=112950812 piece=制造业的
I0000 00:00:1789583607.300882    1982 bpe_model_trainer.cc:321] Added: freq=3357 size=48440 all=112978810 active=112971603 piece=忽视的
I0000 00:00:1789583607.410097    1982 bpe_model_trainer.cc:321] Added: freq=3355 size=48460 all=113005483 active=112998276 piece=對于
I0000 00:00:1789583607.490989    1982 bpe_model_trainer.cc:321] Added: freq=3354 size=48480 all=113029107 active=113021900 piece=汉化
I0000 00:00:1789583607.579796    1982 bpe_model_trainer.cc:321] Added: freq=3353 size=48500 all=113053035 active=113045828 piece=了解孩子
I0000 00:00:1789583607.682074    1982 bpe_model_trainer.cc:321] Added: freq=3351 size=48520 all=113077067 active=113069860 piece=血管内
I0000 00:00:1789583607.762473    1982 bpe_model_trainer.cc:321] Added: freq=3350 size=48540 all=113098137 active=113090930 piece=行动方案
I0000 00:00:1789583607.864697    1982 bpe_model_trainer.cc:321] Added: freq=3348 size=48560 all=113123744 active=113116537 piece=陆生
I0000 00:00:1789583607.958724    1982 bpe_model_trainer.cc:321] Added: freq=3347 size=48580 all=113147312 active=113140105 piece=信息技术与
I0000 00:00:1789583608.042490    1982 bpe_model_trainer.cc:321] Added: freq=3345 size=48600 all=113167192 active=113159985 piece=车用
I0000 00:00:1789583608.161452    1982 bpe_model_trainer.cc:321] Added: freq=3344 size=48620 all=113196346 active=113189139 piece=每时每刻
I0000 00:00:1789583608.272909    1982 bpe_model_trainer.cc:321] Added: freq=3342 size=48640 all=113221455 active=113214248 piece=这门课
I0000 00:00:1789583608.360903    1982 bpe_model_trainer.cc:321] Added: freq=3340 size=48660 all=113241876 active=113234669 piece=可乘
I0000 00:00:1789583608.460071    1982 bpe_model_trainer.cc:321] Added: freq=3339 size=48680 all=113267853 active=113260646 piece=严重损害
I0000 00:00:1789583608.550441    1982 bpe_model_trainer.cc:321] Added: freq=3337 size=48700 all=113285704 active=113278497 piece=衰变
I0000 00:00:1789583608.652995    1982 bpe_model_trainer.cc:321] Added: freq=3336 size=48720 all=113315541 active=113308334 piece=检测仪
I0000 00:00:1789583608.745298    1982 bpe_model_trainer.cc:321] Added: freq=3335 size=48740 all=113341787 active=113334580 piece=两个孩子
I0000 00:00:1789583608.854477    1982 bpe_model_trainer.cc:321] Added: freq=3333 size=48760 all=113369583 active=113362376 piece=,2004
I0000 00:00:1789583608.953447    1982 bpe_model_trainer.cc:321] Added: freq=3331 size=48780 all=113390427 active=113383220 piece=▁18，
I0000 00:00:1789583609.043940    1982 bpe_model_trainer.cc:321] Added: freq=3330 size=48800 all=113414403 active=113407196 piece=项目公司
I0000 00:00:1789583609.128689    1982 bpe_model_trainer.cc:321] Added: freq=3329 size=48820 all=113435343 active=113428136 piece=University
I0000 00:00:1789583609.227935    1982 bpe_model_trainer.cc:321] Added: freq=3328 size=48840 all=113460150 active=113452943 piece=切实保障
I0000 00:00:1789583609.328846    1982 bpe_model_trainer.cc:321] Added: freq=3326 size=48860 all=113488100 active=113480893 piece=市场中的
I0000 00:00:1789583609.418166    1982 bpe_model_trainer.cc:321] Added: freq=3324 size=48880 all=113515680 active=113508473 piece=DL
I0000 00:00:1789583609.525526    1982 bpe_model_trainer.cc:321] Added: freq=3323 size=48900 all=113541166 active=113533959 piece=还要考虑
I0000 00:00:1789583609.612915    1982 bpe_model_trainer.cc:321] Added: freq=3321 size=48920 all=113563585 active=113556378 piece=加温
I0000 00:00:1789583609.704641    1982 bpe_model_trainer.cc:321] Added: freq=3320 size=48940 all=113587661 active=113580454 piece=作者和
I0000 00:00:1789583609.804350    1982 bpe_model_trainer.cc:321] Added: freq=3318 size=48960 all=113611956 active=113604749 piece=阴历
I0000 00:00:1789583609.913822    1982 bpe_model_trainer.cc:321] Added: freq=3317 size=48980 all=113638162 active=113630955 piece=忠诚度
I0000 00:00:1789583610.018617    1982 bpe_model_trainer.cc:321] Added: freq=3315 size=49000 all=113663093 active=113655886 piece=奴隶主
I0000 00:00:1789583610.110170    1982 bpe_model_trainer.cc:321] Added: freq=3314 size=49020 all=113684172 active=113676965 piece=▁without
I0000 00:00:1789583610.196263    1982 bpe_model_trainer.cc:321] Added: freq=3312 size=49040 all=113708312 active=113701105 piece=埃博拉
I0000 00:00:1789583610.277287    1982 bpe_model_trainer.cc:321] Added: freq=3311 size=49060 all=113730579 active=113723372 piece=破产清算
I0000 00:00:1789583610.361524    1982 bpe_model_trainer.cc:321] Added: freq=3309 size=49080 all=113757256 active=113750049 piece=品和
I0000 00:00:1789583610.440269    1982 bpe_model_trainer.cc:321] Added: freq=3308 size=49100 all=113777582 active=113770375 piece=机柜
I0000 00:00:1789583610.536605    1982 bpe_model_trainer.cc:321] Added: freq=3307 size=49120 all=113802787 active=113795580 piece=免不了
I0000 00:00:1789583610.650736    1982 bpe_model_trainer.cc:321] Added: freq=3306 size=49140 all=113827378 active=113820171 piece=非货币性资产
I0000 00:00:1789583610.759574    1982 bpe_model_trainer.cc:321] Added: freq=3304 size=49160 all=113851836 active=113844629 piece=试剂盒
I0000 00:00:1789583610.850276    1982 bpe_model_trainer.cc:321] Added: freq=3302 size=49180 all=113876019 active=113868812 piece=原定
I0000 00:00:1789583610.945784    1982 bpe_model_trainer.cc:321] Added: freq=3301 size=49200 all=113898618 active=113891411 piece=现金的
I0000 00:00:1789583611.033277    1982 bpe_model_trainer.cc:321] Added: freq=3299 size=49220 all=113921309 active=113914102 piece=两翼
I0000 00:00:1789583611.145449    1982 bpe_model_trainer.cc:321] Added: freq=3297 size=49240 all=113947020 active=113939813 piece=切面
I0000 00:00:1789583611.233639    1982 bpe_model_trainer.cc:321] Added: freq=3296 size=49260 all=113969577 active=113962370 piece=管齐
I0000 00:00:1789583611.333003    1982 bpe_model_trainer.cc:321] Added: freq=3295 size=49280 all=113990754 active=113983547 piece=才能成为
I0000 00:00:1789583611.411108    1982 bpe_model_trainer.cc:321] Added: freq=3294 size=49300 all=114011470 active=114004263 piece=▁pred
I0000 00:00:1789583611.514220    1982 bpe_model_trainer.cc:321] Added: freq=3291 size=49320 all=114033319 active=114026112 piece=广陵
I0000 00:00:1789583611.606529    1982 bpe_model_trainer.cc:321] Added: freq=3290 size=49340 all=114057555 active=114050348 piece=已不再
I0000 00:00:1789583611.692371    1982 bpe_model_trainer.cc:321] Added: freq=3289 size=49360 all=114083274 active=114076067 piece=受益者
I0000 00:00:1789583611.784815    1982 bpe_model_trainer.cc:321] Added: freq=3288 size=49380 all=114109934 active=114102727 piece=社会和谐
I0000 00:00:1789583611.858785    1982 bpe_model_trainer.cc:321] Added: freq=3286 size=49400 all=114128648 active=114121441 piece=劫持
I0000 00:00:1789583611.946438    1982 bpe_model_trainer.cc:321] Added: freq=3285 size=49420 all=114151621 active=114144414 piece=病人在
I0000 00:00:1789583612.059848    1982 bpe_model_trainer.cc:321] Added: freq=3283 size=49440 all=114173357 active=114166150 piece=动物实验
I0000 00:00:1789583612.144705    1982 bpe_model_trainer.cc:321] Added: freq=3281 size=49460 all=114191510 active=114184303 piece=正当性
I0000 00:00:1789583612.238681    1982 bpe_model_trainer.cc:321] Added: freq=3279 size=49480 all=114218402 active=114211195 piece=风琴
I0000 00:00:1789583612.324088    1982 bpe_model_trainer.cc:321] Added: freq=3278 size=49500 all=114240143 active=114232936 piece=朱允炆
I0000 00:00:1789583612.410561    1982 bpe_model_trainer.cc:321] Added: freq=3277 size=49520 all=114263690 active=114256483 piece=获得国家
I0000 00:00:1789583612.503254    1982 bpe_model_trainer.cc:321] Added: freq=3275 size=49540 all=114288307 active=114281100 piece=站长
I0000 00:00:1789583612.601385    1982 bpe_model_trainer.cc:321] Added: freq=3273 size=49560 all=114311963 active=114304756 piece=党性
I0000 00:00:1789583612.696551    1982 bpe_model_trainer.cc:321] Added: freq=3272 size=49580 all=114336694 active=114329487 piece=区人民法院
I0000 00:00:1789583612.809651    1982 bpe_model_trainer.cc:321] Added: freq=3270 size=49600 all=114360311 active=114353104 piece=黄老
I0000 00:00:1789583612.895662    1982 bpe_model_trainer.cc:321] Added: freq=3269 size=49620 all=114382695 active=114375488 piece=是有一定
I0000 00:00:1789583613.003071    1982 bpe_model_trainer.cc:321] Added: freq=3267 size=49640 all=114408281 active=114401074 piece=频率的
I0000 00:00:1789583613.092798    1982 bpe_model_trainer.cc:321] Added: freq=3266 size=49660 all=114432191 active=114424984 piece=大幅降低
I0000 00:00:1789583613.183862    1982 bpe_model_trainer.cc:321] Added: freq=3264 size=49680 all=114453448 active=114446241 piece=▁词
I0000 00:00:1789583613.271986    1982 bpe_model_trainer.cc:321] Added: freq=3263 size=49700 all=114475076 active=114467869 piece=字字
I0000 00:00:1789583613.370627    1982 bpe_model_trainer.cc:321] Added: freq=3262 size=49720 all=114503925 active=114496718 piece=林业局
I0000 00:00:1789583613.468973    1982 bpe_model_trainer.cc:321] Added: freq=3260 size=49740 all=114531603 active=114524396 piece=压差
I0000 00:00:1789583613.566381    1982 bpe_model_trainer.cc:321] Added: freq=3259 size=49760 all=114559755 active=114552548 piece=發表
I0000 00:00:1789583613.681719    1982 bpe_model_trainer.cc:321] Added: freq=3258 size=49780 all=114584741 active=114577534 piece=连环画
I0000 00:00:1789583613.782031    1982 bpe_model_trainer.cc:321] Added: freq=3256 size=49800 all=114614368 active=114607161 piece=二来
I0000 00:00:1789583613.883197    1982 bpe_model_trainer.cc:321] Added: freq=3255 size=49820 all=114637049 active=114629842 piece=另一侧
I0000 00:00:1789583613.989769    1982 bpe_model_trainer.cc:321] Added: freq=3253 size=49840 all=114659621 active=114652414 piece=706
I0000 00:00:1789583614.093677    1982 bpe_model_trainer.cc:321] Added: freq=3251 size=49860 all=114681850 active=114674643 piece=太傅
I0000 00:00:1789583614.191257    1982 bpe_model_trainer.cc:321] Added: freq=3250 size=49880 all=114703857 active=114696650 piece=指数基金
I0000 00:00:1789583614.296998    1982 bpe_model_trainer.cc:321] Added: freq=3248 size=49900 all=114726969 active=114719762 piece=ITs
I0000 00:00:1789583614.412526    1982 bpe_model_trainer.cc:321] Added: freq=3247 size=49920 all=114753490 active=114746283 piece=滥用职权
I0000 00:00:1789583614.508753    1982 bpe_model_trainer.cc:321] Added: freq=3245 size=49940 all=114777935 active=114770728 piece=按揉
I0000 00:00:1789583614.604379    1982 bpe_model_trainer.cc:321] Added: freq=3244 size=49960 all=114799590 active=114792383 piece=技巧的
I0000 00:00:1789583614.699542    1982 bpe_model_trainer.cc:321] Added: freq=3243 size=49980 all=114822620 active=114815413 piece=Science
I0000 00:00:1789583614.798554    1982 bpe_model_trainer.cc:321] Added: freq=3241 size=50000 all=114842837 active=114835630 piece=然大悟
I0000 00:00:1789583614.894183    1982 bpe_model_trainer.cc:321] Added: freq=3240 size=50020 all=114868932 active=114861725 piece=相互作用的
I0000 00:00:1789583615.002234    1982 bpe_model_trainer.cc:321] Added: freq=3238 size=50040 all=114896833 active=114889626 piece=外界的
I0000 00:00:1789583615.126100    1982 bpe_model_trainer.cc:321] Added: freq=3236 size=50060 all=114924092 active=114916885 piece=墙的
I0000 00:00:1789583615.212937    1982 bpe_model_trainer.cc:321] Added: freq=3235 size=50080 all=114947394 active=114940187 piece=生态度
I0000 00:00:1789583615.296512    1982 bpe_model_trainer.cc:321] Added: freq=3233 size=50100 all=114971082 active=114963875 piece=三子
I0000 00:00:1789583615.374806    1982 bpe_model_trainer.cc:321] Added: freq=3232 size=50120 all=114989826 active=114982619 piece=调压
I0000 00:00:1789583615.446798    1982 bpe_model_trainer.cc:321] Added: freq=3231 size=50140 all=115012935 active=115005728 piece=294
I0000 00:00:1789583615.543112    1982 bpe_model_trainer.cc:321] Added: freq=3229 size=50160 all=115033957 active=115026750 piece=厚实
I0000 00:00:1789583615.634577    1982 bpe_model_trainer.cc:321] Added: freq=3228 size=50180 all=115057916 active=115050709 piece=提倡的
I0000 00:00:1789583615.722727    1982 bpe_model_trainer.cc:321] Added: freq=3227 size=50200 all=115083177 active=115075970 piece=高收益
I0000 00:00:1789583615.832726    1982 bpe_model_trainer.cc:321] Added: freq=3225 size=50220 all=115104377 active=115097170 piece=弱电
I0000 00:00:1789583615.915721    1982 bpe_model_trainer.cc:321] Added: freq=3224 size=50240 all=115129370 active=115122163 piece=将至
I0000 00:00:1789583616.013777    1982 bpe_model_trainer.cc:321] Added: freq=3223 size=50260 all=115154676 active=115147469 piece=呼吸暂停
I0000 00:00:1789583616.113212    1982 bpe_model_trainer.cc:321] Added: freq=3221 size=50280 all=115175680 active=115168473 piece=氛围中
I0000 00:00:1789583616.214090    1982 bpe_model_trainer.cc:321] Added: freq=3219 size=50300 all=115200100 active=115192893 piece=同事们
I0000 00:00:1789583616.318784    1982 bpe_model_trainer.cc:321] Added: freq=3217 size=50320 all=115229242 active=115222035 piece=两片
I0000 00:00:1789583616.402990    1982 bpe_model_trainer.cc:321] Added: freq=3217 size=50340 all=115252503 active=115245296 piece=其他方面
I0000 00:00:1789583616.508260    1982 bpe_model_trainer.cc:321] Added: freq=3215 size=50360 all=115277632 active=115270425 piece=用手机
I0000 00:00:1789583616.624546    1982 bpe_model_trainer.cc:321] Added: freq=3214 size=50380 all=115306879 active=115299672 piece=在这一过程中
I0000 00:00:1789583616.718680    1982 bpe_model_trainer.cc:321] Added: freq=3212 size=50400 all=115326427 active=115319220 piece=在运行
I0000 00:00:1789583616.821587    1982 bpe_model_trainer.cc:321] Added: freq=3211 size=50420 all=115352801 active=115345594 piece=平衡状态
I0000 00:00:1789583616.918575    1982 bpe_model_trainer.cc:321] Added: freq=3210 size=50440 all=115378106 active=115370899 piece=金融创新
I0000 00:00:1789583617.018516    1982 bpe_model_trainer.cc:321] Added: freq=3208 size=50460 all=115404918 active=115397711 piece=梯田
I0000 00:00:1789583617.122685    1982 bpe_model_trainer.cc:321] Added: freq=3207 size=50480 all=115433284 active=115426077 piece=可信度
I0000 00:00:1789583617.224445    1982 bpe_model_trainer.cc:321] Added: freq=3206 size=50500 all=115457234 active=115450027 piece=是一种非常
I0000 00:00:1789583617.310446    1982 bpe_model_trainer.cc:321] Added: freq=3205 size=50520 all=115478997 active=115471790 piece=自己的学习
I0000 00:00:1789583617.428951    1982 bpe_model_trainer.cc:321] Added: freq=3203 size=50540 all=115505052 active=115497845 piece=打消
I0000 00:00:1789583617.521950    1982 bpe_model_trainer.cc:321] Added: freq=3202 size=50560 all=115530752 active=115523545 piece=库中
I0000 00:00:1789583617.613039    1982 bpe_model_trainer.cc:321] Added: freq=3201 size=50580 all=115548989 active=115541782 piece=专业素养
I0000 00:00:1789583617.703998    1982 bpe_model_trainer.cc:321] Added: freq=3199 size=50600 all=115570699 active=115563492 piece=一星
I0000 00:00:1789583617.794850    1982 bpe_model_trainer.cc:321] Added: freq=3198 size=50620 all=115594967 active=115587760 piece=交房
I0000 00:00:1789583617.888889    1982 bpe_model_trainer.cc:321] Added: freq=3197 size=50640 all=115618760 active=115611553 piece=罗盘
I0000 00:00:1789583617.998385    1982 bpe_model_trainer.cc:321] Added: freq=3195 size=50660 all=115645368 active=115638161 piece=碎屑
I0000 00:00:1789583618.114241    1982 bpe_model_trainer.cc:321] Added: freq=3194 size=50680 all=115669929 active=115662722 piece=不再需要
I0000 00:00:1789583618.202512    1982 bpe_model_trainer.cc:321] Added: freq=3193 size=50700 all=115694442 active=115687235 piece=第三款
I0000 00:00:1789583618.303508    1982 bpe_model_trainer.cc:321] Added: freq=3191 size=50720 all=115714988 active=115707781 piece=仍然没有
I0000 00:00:1789583618.397502    1982 bpe_model_trainer.cc:321] Added: freq=3190 size=50740 all=115741045 active=115733838 piece=积累经验
I0000 00:00:1789583618.494163    1982 bpe_model_trainer.cc:321] Added: freq=3188 size=50760 all=115760456 active=115753249 piece=最终目的
I0000 00:00:1789583618.588262    1982 bpe_model_trainer.cc:321] Added: freq=3186 size=50780 all=115781862 active=115774655 piece=灵枢
I0000 00:00:1789583618.687517    1982 bpe_model_trainer.cc:321] Added: freq=3185 size=50800 all=115808447 active=115801240 piece=移动到
I0000 00:00:1789583618.801219    1982 bpe_model_trainer.cc:321] Added: freq=3184 size=50820 all=115834152 active=115826945 piece=spring
I0000 00:00:1789583618.905761    1982 bpe_model_trainer.cc:321] Added: freq=3182 size=50840 all=115862103 active=115854896 piece=想象中
I0000 00:00:1789583619.003357    1982 bpe_model_trainer.cc:321] Added: freq=3180 size=50860 all=115882745 active=115875538 piece=线型
I0000 00:00:1789583619.097273    1982 bpe_model_trainer.cc:321] Added: freq=3179 size=50880 all=115904198 active=115896991 piece=比如我们
I0000 00:00:1789583619.188573    1982 bpe_model_trainer.cc:321] Added: freq=3178 size=50900 all=115927790 active=115920583 piece=那么如何
I0000 00:00:1789583619.285408    1982 bpe_model_trainer.cc:321] Added: freq=3176 size=50920 all=115948994 active=115941787 piece=一般要求
I0000 00:00:1789583619.385428    1982 bpe_model_trainer.cc:321] Added: freq=3174 size=50940 all=115973147 active=115965940 piece=]8、
I0000 00:00:1789583619.494608    1982 bpe_model_trainer.cc:321] Added: freq=3173 size=50960 all=115998148 active=115990941 piece=有计划地
I0000 00:00:1789583619.590223    1982 bpe_model_trainer.cc:321] Added: freq=3172 size=50980 all=116024634 active=116017427 piece=解决问题的方法
I0000 00:00:1789583619.686968    1982 bpe_model_trainer.cc:321] Added: freq=3170 size=51000 all=116043134 active=116035927 piece=资源利用
I0000 00:00:1789583619.787512    1982 bpe_model_trainer.cc:321] Added: freq=3168 size=51020 all=116066039 active=116058832 piece=集成的
I0000 00:00:1789583619.882808    1982 bpe_model_trainer.cc:321] Added: freq=3166 size=51040 all=116088758 active=116081551 piece=427
I0000 00:00:1789583619.980046    1982 bpe_model_trainer.cc:321] Added: freq=3165 size=51060 all=116113799 active=116106592 piece=法国大革命
I0000 00:00:1789583620.072879    1982 bpe_model_trainer.cc:321] Added: freq=3163 size=51080 all=116137643 active=116130436 piece=171
I0000 00:00:1789583620.149963    1982 bpe_model_trainer.cc:321] Added: freq=3162 size=51100 all=116154753 active=116147546 piece=大会的基金份额持有人
I0000 00:00:1789583620.233045    1982 bpe_model_trainer.cc:321] Added: freq=3160 size=51120 all=116173034 active=116165827 piece=制作成
I0000 00:00:1789583620.345229    1982 bpe_model_trainer.cc:321] Added: freq=3159 size=51140 all=116201533 active=116194326 piece=调动了
I0000 00:00:1789583620.423577    1982 bpe_model_trainer.cc:321] Added: freq=3158 size=51160 all=116225249 active=116218042 piece=责任追究
I0000 00:00:1789583620.517457    1982 bpe_model_trainer.cc:321] Added: freq=3156 size=51180 all=116245363 active=116238156 piece=海军的
I0000 00:00:1789583620.616545    1982 bpe_model_trainer.cc:321] Added: freq=3154 size=51200 all=116270995 active=116263788 piece=恢宏
I0000 00:00:1789583620.714960    1982 bpe_model_trainer.cc:321] Added: freq=3153 size=51220 all=116296126 active=116288919 piece=法进行
I0000 00:00:1789583620.794149    1982 bpe_model_trainer.cc:321] Added: freq=3152 size=51240 all=116316704 active=116309497 piece=Art
I0000 00:00:1789583620.878715    1982 bpe_model_trainer.cc:321] Added: freq=3151 size=51260 all=116339215 active=116332008 piece=人为地
I0000 00:00:1789583620.977390    1982 bpe_model_trainer.cc:321] Added: freq=3150 size=51280 all=116366532 active=116359325 piece=及其制品
I0000 00:00:1789583621.084070    1982 bpe_model_trainer.cc:321] Added: freq=3148 size=51300 all=116385458 active=116378251 piece=肉身
I0000 00:00:1789583621.171640    1982 bpe_model_trainer.cc:321] Added: freq=3147 size=51320 all=116409571 active=116402364 piece=彩超
I0000 00:00:1789583621.271491    1982 bpe_model_trainer.cc:321] Added: freq=3146 size=51340 all=116434378 active=116427171 piece=血细胞
I0000 00:00:1789583621.351384    1982 bpe_model_trainer.cc:321] Added: freq=3145 size=51360 all=116453983 active=116446776 piece=精确度
I0000 00:00:1789583621.444374    1982 bpe_model_trainer.cc:321] Added: freq=3144 size=51380 all=116476976 active=116469769 piece=马列主义
I0000 00:00:1789583621.539613    1982 bpe_model_trainer.cc:321] Added: freq=3142 size=51400 all=116497117 active=116489910 piece=的心得
I0000 00:00:1789583621.621410    1982 bpe_model_trainer.cc:321] Added: freq=3141 size=51420 all=116516820 active=116509613 piece=十分丰富
I0000 00:00:1789583621.709740    1982 bpe_model_trainer.cc:321] Added: freq=3140 size=51440 all=116539670 active=116532463 piece=简明扼要
I0000 00:00:1789583621.802873    1982 bpe_model_trainer.cc:321] Added: freq=3138 size=51460 all=116563177 active=116555970 piece=参看
I0000 00:00:1789583621.913635    1982 bpe_model_trainer.cc:321] Added: freq=3137 size=51480 all=116585561 active=116578354 piece=可以认为
I0000 00:00:1789583622.011205    1982 bpe_model_trainer.cc:321] Added: freq=3135 size=51500 all=116608219 active=116601012 piece=与外部
I0000 00:00:1789583622.122464    1982 bpe_model_trainer.cc:321] Added: freq=3134 size=51520 all=116638485 active=116631278 piece=2.10
I0000 00:00:1789583622.209792    1982 bpe_model_trainer.cc:321] Added: freq=3133 size=51540 all=116663036 active=116655829 piece=空调系统
I0000 00:00:1789583622.280623    1982 bpe_model_trainer.cc:321] Added: freq=3131 size=51560 all=116679713 active=116672506 piece=吴广
I0000 00:00:1789583622.370815    1982 bpe_model_trainer.cc:321] Added: freq=3130 size=51580 all=116702622 active=116695415 piece=山间
I0000 00:00:1789583622.462303    1982 bpe_model_trainer.cc:321] Added: freq=3129 size=51600 all=116725337 active=116718130 piece=的通道
I0000 00:00:1789583622.544299    1982 bpe_model_trainer.cc:321] Added: freq=3128 size=51620 all=116751330 active=116744123 piece=角度来讲
I0000 00:00:1789583622.657791    1982 bpe_model_trainer.cc:321] Added: freq=3126 size=51640 all=116777920 active=116770713 piece=停战
I0000 00:00:1789583622.762727    1982 bpe_model_trainer.cc:321] Added: freq=3125 size=51660 all=116805145 active=116797938 piece=大力推广
I0000 00:00:1789583622.840313    1982 bpe_model_trainer.cc:321] Added: freq=3124 size=51680 all=116823440 active=116816233 piece=教会学生
I0000 00:00:1789583622.934377    1982 bpe_model_trainer.cc:321] Added: freq=3123 size=51700 all=116849964 active=116842757 piece=书面告知
I0000 00:00:1789583623.017189    1982 bpe_model_trainer.cc:321] Added: freq=3121 size=51720 all=116868269 active=116861062 piece=不立
I0000 00:00:1789583623.103898    1982 bpe_model_trainer.cc:321] Added: freq=3121 size=51740 all=116893401 active=116886194 piece=心理准备
I0000 00:00:1789583623.202804    1982 bpe_model_trainer.cc:321] Added: freq=3119 size=51760 all=116916750 active=116909543 piece=睡得
I0000 00:00:1789583623.299193    1982 bpe_model_trainer.cc:321] Added: freq=3118 size=51780 all=116938124 active=116930917 piece=社会学家
I0000 00:00:1789583623.419717    1982 bpe_model_trainer.cc:321] Added: freq=3116 size=51800 all=116961228 active=116954021 piece=▁工具
I0000 00:00:1789583623.521694    1982 bpe_model_trainer.cc:321] Added: freq=3114 size=51820 all=116986418 active=116979211 piece=何人
I0000 00:00:1789583623.621290    1982 bpe_model_trainer.cc:321] Added: freq=3113 size=51840 all=117010833 active=117003626 piece=期权的
I0000 00:00:1789583623.719304    1982 bpe_model_trainer.cc:321] Added: freq=3112 size=51860 all=117037166 active=117029959 piece=很大影响
I0000 00:00:1789583623.818640    1982 bpe_model_trainer.cc:321] Added: freq=3111 size=51880 all=117065471 active=117058264 piece=野生动植物
I0000 00:00:1789583623.919041    1982 bpe_model_trainer.cc:321] Added: freq=3108 size=51900 all=117086794 active=117079587 piece=住持
I0000 00:00:1789583624.024028    1982 bpe_model_trainer.cc:321] Added: freq=3107 size=51920 all=117109412 active=117102205 piece=陶冶情操
I0000 00:00:1789583624.123840    1982 bpe_model_trainer.cc:321] Added: freq=3105 size=51940 all=117129295 active=117122088 piece=事業
I0000 00:00:1789583624.224365    1982 bpe_model_trainer.cc:321] Added: freq=3104 size=51960 all=117151508 active=117144301 piece=目前来看
I0000 00:00:1789583624.311746    1982 bpe_model_trainer.cc:321] Added: freq=3103 size=51980 all=117173910 active=117166703 piece=行动上
I0000 00:00:1789583624.412474    1982 bpe_model_trainer.cc:321] Added: freq=3102 size=52000 all=117199914 active=117192707 piece=生物活性
I0000 00:00:1789583624.511418    1982 bpe_model_trainer.cc:321] Added: freq=3100 size=52020 all=117220325 active=117213118 piece=楼道
I0000 00:00:1789583624.609890    1982 bpe_model_trainer.cc:321] Added: freq=3099 size=52040 all=117246331 active=117239124 piece=被纳入
I0000 00:00:1789583624.714808    1982 bpe_model_trainer.cc:321] Added: freq=3098 size=52060 all=117274927 active=117267720 piece=经济指标
I0000 00:00:1789583624.840655    1982 bpe_model_trainer.cc:321] Added: freq=3096 size=52080 all=117301491 active=117294284 piece=▁孔子
I0000 00:00:1789583624.930763    1982 bpe_model_trainer.cc:321] Added: freq=3095 size=52100 all=117327786 active=117320579 piece=上升了
I0000 00:00:1789583625.034868    1982 bpe_model_trainer.cc:321] Added: freq=3094 size=52120 all=117353919 active=117346712 piece=仅供读者参考
I0000 00:00:1789583625.124540    1982 bpe_model_trainer.cc:321] Added: freq=3092 size=52140 all=117375014 active=117367807 piece=医改
I0000 00:00:1789583625.216252    1982 bpe_model_trainer.cc:321] Added: freq=3091 size=52160 all=117403092 active=117395885 piece=孙女
I0000 00:00:1789583625.313028    1982 bpe_model_trainer.cc:321] Added: freq=3090 size=52180 all=117427086 active=117419879 piece=对预防
I0000 00:00:1789583628.705963    1982 bpe_model_trainer.cc:321] Added: freq=3089 size=52200 all=117451991 active=117444784 piece=otal
I0000 00:00:1789583628.786330    1982 bpe_model_trainer.cc:321] Added: freq=3087 size=52220 all=117473246 active=117466039 piece=九成
I0000 00:00:1789583628.872357    1982 bpe_model_trainer.cc:321] Added: freq=3086 size=52240 all=117493856 active=117486649 piece=外在的
I0000 00:00:1789583628.965812    1982 bpe_model_trainer.cc:321] Added: freq=3085 size=52260 all=117513091 active=117505884 piece=放在一个
I0000 00:00:1789583629.051705    1982 bpe_model_trainer.cc:321] Added: freq=3084 size=52280 all=117540861 active=117533654 piece=经济组织
I0000 00:00:1789583629.131622    1982 bpe_model_trainer.cc:321] Added: freq=3083 size=52300 all=117564362 active=117557155 piece=投资计划
I0000 00:00:1789583629.208831    1982 bpe_model_trainer.cc:321] Added: freq=3081 size=52320 all=117585825 active=117578618 piece=值钱
I0000 00:00:1789583629.290924    1982 bpe_model_trainer.cc:321] Added: freq=3080 size=52340 all=117604982 active=117597775 piece=信号通路
I0000 00:00:1789583629.377214    1982 bpe_model_trainer.cc:321] Added: freq=3078 size=52360 all=117628891 active=117621684 piece=奇数
I0000 00:00:1789583629.454678    1982 bpe_model_trainer.cc:321] Added: freq=3077 size=52380 all=117648662 active=117641455 piece=▁获取
I0000 00:00:1789583629.536483    1982 bpe_model_trainer.cc:321] Added: freq=3075 size=52400 all=117670256 active=117663049 piece=安身
I0000 00:00:1789583629.631883    1982 bpe_model_trainer.cc:321] Added: freq=3074 size=52420 all=117693380 active=117686173 piece=在一块
I0000 00:00:1789583629.721863    1982 bpe_model_trainer.cc:321] Added: freq=3072 size=52440 all=117714170 active=117706963 piece=孔孟
I0000 00:00:1789583629.809563    1982 bpe_model_trainer.cc:321] Added: freq=3071 size=52460 all=117734107 active=117726900 piece=解题方法
I0000 00:00:1789583629.901882    1982 bpe_model_trainer.cc:321] Added: freq=3069 size=52480 all=117760041 active=117752834 piece=长史
I0000 00:00:1789583629.981200    1982 bpe_model_trainer.cc:321] Added: freq=3068 size=52500 all=117781152 active=117773945 piece=关注公众号
I0000 00:00:1789583630.070329    1982 bpe_model_trainer.cc:321] Added: freq=3066 size=52520 all=117805733 active=117798526 piece=浅表
I0000 00:00:1789583630.150353    1982 bpe_model_trainer.cc:321] Added: freq=3065 size=52540 all=117830689 active=117823482 piece=从而将
I0000 00:00:1789583630.242077    1982 bpe_model_trainer.cc:321] Added: freq=3064 size=52560 all=117858019 active=117850812 piece=一些企业
I0000 00:00:1789583630.308944    1982 bpe_model_trainer.cc:321] Added: freq=3063 size=52580 all=117879220 active=117872013 piece=人一样
I0000 00:00:1789583630.406380    1982 bpe_model_trainer.cc:321] Added: freq=3062 size=52600 all=117902425 active=117895218 piece=有文化
I0000 00:00:1789583630.485315    1982 bpe_model_trainer.cc:321] Added: freq=3061 size=52620 all=117923516 active=117916309 piece=深入挖掘
I0000 00:00:1789583630.556589    1982 bpe_model_trainer.cc:321] Added: freq=3059 size=52640 all=117943333 active=117936126 piece=三山
I0000 00:00:1789583630.639410    1982 bpe_model_trainer.cc:321] Added: freq=3058 size=52660 all=117966199 active=117958992 piece=通婚
I0000 00:00:1789583630.711572    1982 bpe_model_trainer.cc:321] Added: freq=3057 size=52680 all=117986334 active=117979127 piece=轻工
I0000 00:00:1789583630.782651    1982 bpe_model_trainer.cc:321] Added: freq=3056 size=52700 all=118004901 active=117997694 piece=再经过
I0000 00:00:1789583630.866349    1982 bpe_model_trainer.cc:321] Added: freq=3055 size=52720 all=118027772 active=118020565 piece=高等级
I0000 00:00:1789583630.950557    1982 bpe_model_trainer.cc:321] Added: freq=3054 size=52740 all=118055032 active=118047825 piece=工作要求
I0000 00:00:1789583631.041822    1982 bpe_model_trainer.cc:321] Added: freq=3052 size=52760 all=118081983 active=118074776 piece=乐理
I0000 00:00:1789583631.136018    1982 bpe_model_trainer.cc:321] Added: freq=3051 size=52780 all=118104755 active=118097548 piece=公尺
I0000 00:00:1789583631.210668    1982 bpe_model_trainer.cc:321] Added: freq=3050 size=52800 all=118124944 active=118117737 piece=壳体
I0000 00:00:1789583631.298886    1982 bpe_model_trainer.cc:321] Added: freq=3049 size=52820 all=118149208 active=118142001 piece=等基础
I0000 00:00:1789583631.384718    1982 bpe_model_trainer.cc:321] Added: freq=3048 size=52840 all=118175284 active=118168077 piece=网络信息
I0000 00:00:1789583631.458638    1982 bpe_model_trainer.cc:321] Added: freq=3047 size=52860 all=118198604 active=118191397 piece=可以引起
I0000 00:00:1789583631.538963    1982 bpe_model_trainer.cc:321] Added: freq=3045 size=52880 all=118217198 active=118209991 piece=龟兹
I0000 00:00:1789583631.623000    1982 bpe_model_trainer.cc:321] Added: freq=3044 size=52900 all=118239764 active=118232557 piece=认知功能
I0000 00:00:1789583631.704342    1982 bpe_model_trainer.cc:321] Added: freq=3042 size=52920 all=118263085 active=118255878 piece=来时
I0000 00:00:1789583631.807356    1982 bpe_model_trainer.cc:321] Added: freq=3041 size=52940 all=118287315 active=118280108 piece=长远的
I0000 00:00:1789583631.891585    1982 bpe_model_trainer.cc:321] Added: freq=3039 size=52960 all=118308791 active=118301584 piece=报效
I0000 00:00:1789583631.972262    1982 bpe_model_trainer.cc:321] Added: freq=3038 size=52980 all=118332540 active=118325333 piece=435
I0000 00:00:1789583632.057279    1982 bpe_model_trainer.cc:321] Added: freq=3036 size=53000 all=118352166 active=118344959 piece=已故
I0000 00:00:1789583632.128230    1982 bpe_model_trainer.cc:321] Added: freq=3035 size=53020 all=118372666 active=118365459 piece=俗的
I0000 00:00:1789583632.202512    1982 bpe_model_trainer.cc:321] Added: freq=3035 size=53040 all=118395082 active=118387875 piece=在这个时期
I0000 00:00:1789583632.297687    1982 bpe_model_trainer.cc:321] Added: freq=3032 size=53060 all=118416558 active=118409351 piece=有识
I0000 00:00:1789583632.383951    1982 bpe_model_trainer.cc:321] Added: freq=3031 size=53080 all=118442959 active=118435752 piece=金代
I0000 00:00:1789583632.470505    1982 bpe_model_trainer.cc:321] Added: freq=3030 size=53100 all=118470192 active=118462985 piece=只有一种
I0000 00:00:1789583632.579233    1982 bpe_model_trainer.cc:321] Added: freq=3028 size=53120 all=118491494 active=118484287 piece=征收率
I0000 00:00:1789583632.665037    1982 bpe_model_trainer.cc:321] Added: freq=3027 size=53140 all=118514623 active=118507416 piece=孩子的兴趣
I0000 00:00:1789583632.757501    1982 bpe_model_trainer.cc:321] Added: freq=3025 size=53160 all=118538881 active=118531674 piece=>3．
I0000 00:00:1789583632.842774    1982 bpe_model_trainer.cc:321] Added: freq=3024 size=53180 all=118559745 active=118552538 piece=实际施工
I0000 00:00:1789583632.925454    1982 bpe_model_trainer.cc:321] Added: freq=3022 size=53200 all=118580428 active=118573221 piece=不挠
I0000 00:00:1789583633.015018    1982 bpe_model_trainer.cc:321] Added: freq=3021 size=53220 all=118599683 active=118592476 piece=晚年的
I0000 00:00:1789583633.100891    1982 bpe_model_trainer.cc:321] Added: freq=3019 size=53240 all=118624476 active=118617269 piece=前秦
I0000 00:00:1789583633.187139    1982 bpe_model_trainer.cc:321] Added: freq=3018 size=53260 all=118649379 active=118642172 piece=从天
I0000 00:00:1789583633.299896    1982 bpe_model_trainer.cc:321] Added: freq=3017 size=53280 all=118674105 active=118666898 piece=风浪
I0000 00:00:1789583633.388140    1982 bpe_model_trainer.cc:321] Added: freq=3016 size=53300 all=118701090 active=118693883 piece=高企
I0000 00:00:1789583633.473538    1982 bpe_model_trainer.cc:321] Added: freq=3015 size=53320 all=118722468 active=118715261 piece=相当大
I0000 00:00:1789583633.556654    1982 bpe_model_trainer.cc:321] Added: freq=3014 size=53340 all=118747758 active=118740551 piece=开放日的
I0000 00:00:1789583633.646672    1982 bpe_model_trainer.cc:321] Added: freq=3013 size=53360 all=118775309 active=118768102 piece=评价机制
I0000 00:00:1789583633.724296    1982 bpe_model_trainer.cc:321] Added: freq=3011 size=53380 all=118796353 active=118789146 piece=放血
I0000 00:00:1789583633.803902    1982 bpe_model_trainer.cc:321] Added: freq=3010 size=53400 all=118818222 active=118811015 piece=西京
I0000 00:00:1789583633.892422    1982 bpe_model_trainer.cc:321] Added: freq=3009 size=53420 all=118842565 active=118835358 piece=的代表作
I0000 00:00:1789583634.000053    1982 bpe_model_trainer.cc:321] Added: freq=3007 size=53440 all=118867487 active=118860280 piece=ibm
I0000 00:00:1789583634.084115    1982 bpe_model_trainer.cc:321] Added: freq=3006 size=53460 all=118889635 active=118882428 piece=课前预习
I0000 00:00:1789583634.158581    1982 bpe_model_trainer.cc:321] Added: freq=3004 size=53480 all=118908993 active=118901786 piece=深挖
I0000 00:00:1789583634.235094    1982 bpe_model_trainer.cc:321] Added: freq=3003 size=53500 all=118929425 active=118922218 piece=各部位
I0000 00:00:1789583634.314700    1982 bpe_model_trainer.cc:321] Added: freq=3002 size=53520 all=118951844 active=118944637 piece=难以实现
I0000 00:00:1789583634.407640    1982 bpe_model_trainer.cc:321] Added: freq=3000 size=53540 all=118970221 active=118963014 piece=陕甘宁
I0000 00:00:1789583634.483815    1982 bpe_model_trainer.cc:321] Added: freq=2998 size=53560 all=118989718 active=118982511 piece=合二
I0000 00:00:1789583634.573588    1982 bpe_model_trainer.cc:321] Added: freq=2997 size=53580 all=119016415 active=119009208 piece=数量上
I0000 00:00:1789583634.665635    1982 bpe_model_trainer.cc:321] Added: freq=2996 size=53600 all=119034296 active=119027089 piece=脾胃虚弱
I0000 00:00:1789583634.746957    1982 bpe_model_trainer.cc:321] Added: freq=2995 size=53620 all=119062547 active=119055340 piece=充分的准备
I0000 00:00:1789583634.832520    1982 bpe_model_trainer.cc:321] Added: freq=2993 size=53640 all=119085536 active=119078329 piece=骤停
I0000 00:00:1789583634.912830    1982 bpe_model_trainer.cc:321] Added: freq=2992 size=53660 all=119104537 active=119097330 piece=免疫缺陷
I0000 00:00:1789583635.003199    1982 bpe_model_trainer.cc:321] Added: freq=2990 size=53680 all=119127067 active=119119860 piece=▁无论
I0000 00:00:1789583635.089653    1982 bpe_model_trainer.cc:321] Added: freq=2988 size=53700 all=119149606 active=119142399 piece=送货
I0000 00:00:1789583635.174760    1982 bpe_model_trainer.cc:321] Added: freq=2987 size=53720 all=119172937 active=119165730 piece=曾经有过
I0000 00:00:1789583635.253847    1982 bpe_model_trainer.cc:321] Added: freq=2986 size=53740 all=119196535 active=119189328 piece=住房城乡建设
I0000 00:00:1789583635.325807    1982 bpe_model_trainer.cc:321] Added: freq=2985 size=53760 all=119218113 active=119210906 piece=我们的教育
I0000 00:00:1789583635.419485    1982 bpe_model_trainer.cc:321] Added: freq=2984 size=53780 all=119240051 active=119232844 piece=重要的事情
I0000 00:00:1789583635.494969    1982 bpe_model_trainer.cc:321] Added: freq=2982 size=53800 all=119263306 active=119256099 piece=公摊
I0000 00:00:1789583635.577013    1982 bpe_model_trainer.cc:321] Added: freq=2981 size=53820 all=119291215 active=119284008 piece=万方
I0000 00:00:1789583635.652298    1982 bpe_model_trainer.cc:321] Added: freq=2981 size=53840 all=119319767 active=119312560 piece=能直接
I0000 00:00:1789583635.742649    1982 bpe_model_trainer.cc:321] Added: freq=2979 size=53860 all=119341934 active=119334727 piece=▁心理
I0000 00:00:1789583635.844651    1982 bpe_model_trainer.cc:321] Added: freq=2977 size=53880 all=119365219 active=119358012 piece=udio
I0000 00:00:1789583635.918536    1982 bpe_model_trainer.cc:321] Added: freq=2975 size=53900 all=119383146 active=119375939 piece=八宝
I0000 00:00:1789583636.008308    1982 bpe_model_trainer.cc:321] Added: freq=2974 size=53920 all=119407301 active=119400094 piece=酪氨酸
I0000 00:00:1789583636.095135    1982 bpe_model_trainer.cc:321] Added: freq=2973 size=53940 all=119431235 active=119424028 piece=将军衔
I0000 00:00:1789583636.183578    1982 bpe_model_trainer.cc:321] Added: freq=2971 size=53960 all=119455335 active=119448128 piece=所灭
I0000 00:00:1789583636.268138    1982 bpe_model_trainer.cc:321] Added: freq=2970 size=53980 all=119477610 active=119470403 piece=积极引导
I0000 00:00:1789583636.333985    1982 bpe_model_trainer.cc:321] Added: freq=2968 size=54000 all=119496522 active=119489315 piece=两遍
I0000 00:00:1789583636.414424    1982 bpe_model_trainer.cc:321] Added: freq=2967 size=54020 all=119515714 active=119508507 piece=支线
I0000 00:00:1789583636.508470    1982 bpe_model_trainer.cc:321] Added: freq=2965 size=54040 all=119541398 active=119534191 piece=三朝
I0000 00:00:1789583636.579453    1982 bpe_model_trainer.cc:321] Added: freq=2964 size=54060 all=119562182 active=119554975 piece=旧城
I0000 00:00:1789583636.643689    1982 bpe_model_trainer.cc:321] Added: freq=2964 size=54080 all=119582633 active=119575426 piece=▁princip
I0000 00:00:1789583636.707478    1982 bpe_model_trainer.cc:321] Added: freq=2962 size=54100 all=119601700 active=119594493 piece=一束
I0000 00:00:1789583636.789145    1982 bpe_model_trainer.cc:321] Added: freq=2962 size=54120 all=119626339 active=119619132 piece=提高他们的
I0000 00:00:1789583636.879835    1982 bpe_model_trainer.cc:321] Added: freq=2960 size=54140 all=119650077 active=119642870 piece=托克
I0000 00:00:1789583636.953963    1982 bpe_model_trainer.cc:321] Added: freq=2959 size=54160 all=119672285 active=119665078 piece=拘束
I0000 00:00:1789583637.026591    1982 bpe_model_trainer.cc:321] Added: freq=2958 size=54180 all=119696248 active=119689041 piece=园丁
I0000 00:00:1789583637.111340    1982 bpe_model_trainer.cc:321] Added: freq=2957 size=54200 all=119720818 active=119713611 piece=梳理了
I0000 00:00:1789583637.184019    1982 bpe_model_trainer.cc:321] Added: freq=2955 size=54220 all=119739443 active=119732236 piece=优等
I0000 00:00:1789583637.263893    1982 bpe_model_trainer.cc:321] Added: freq=2954 size=54240 all=119758623 active=119751416 piece=我这个
I0000 00:00:1789583637.333520    1982 bpe_model_trainer.cc:321] Added: freq=2953 size=54260 all=119780015 active=119772808 piece=尼日利亚
I0000 00:00:1789583637.414895    1982 bpe_model_trainer.cc:321] Added: freq=2951 size=54280 all=119802176 active=119794969 piece=冲击波
I0000 00:00:1789583637.487071    1982 bpe_model_trainer.cc:321] Added: freq=2950 size=54300 all=119823242 active=119816035 piece=在二战
I0000 00:00:1789583637.586667    1982 bpe_model_trainer.cc:321] Added: freq=2949 size=54320 all=119846884 active=119839677 piece=otion
I0000 00:00:1789583637.651843    1982 bpe_model_trainer.cc:321] Added: freq=2947 size=54340 all=119867673 active=119860466 piece=▁龙
I0000 00:00:1789583637.756804    1982 bpe_model_trainer.cc:321] Added: freq=2945 size=54360 all=119890329 active=119883122 piece=应当具备
I0000 00:00:1789583637.830454    1982 bpe_model_trainer.cc:321] Added: freq=2943 size=54380 all=119914762 active=119907555 piece=ks
I0000 00:00:1789583637.901589    1982 bpe_model_trainer.cc:321] Added: freq=2942 size=54400 all=119935004 active=119927797 piece=708
I0000 00:00:1789583637.964238    1982 bpe_model_trainer.cc:321] Added: freq=2941 size=54420 all=119954762 active=119947555 piece=影线
I0000 00:00:1789583638.039954    1982 bpe_model_trainer.cc:321] Added: freq=2940 size=54440 all=119976078 active=119968871 piece=身受
I0000 00:00:1789583638.117221    1982 bpe_model_trainer.cc:321] Added: freq=2939 size=54460 all=119999847 active=119992640 piece=华北地区
I0000 00:00:1789583638.192691    1982 bpe_model_trainer.cc:321] Added: freq=2937 size=54480 all=120025292 active=120018085 piece=假山
I0000 00:00:1789583638.278061    1982 bpe_model_trainer.cc:321] Added: freq=2936 size=54500 all=120047386 active=120040179 piece=圆筒
I0000 00:00:1789583638.346382    1982 bpe_model_trainer.cc:321] Added: freq=2935 size=54520 all=120068710 active=120061503 piece=▁易
I0000 00:00:1789583638.431926    1982 bpe_model_trainer.cc:321] Added: freq=2934 size=54540 all=120095917 active=120088710 piece=审查起诉
I0000 00:00:1789583638.499978    1982 bpe_model_trainer.cc:321] Added: freq=2932 size=54560 all=120113577 active=120106370 piece=做多
I0000 00:00:1789583638.578278    1982 bpe_model_trainer.cc:321] Added: freq=2931 size=54580 all=120138047 active=120130840 piece=起彼
I0000 00:00:1789583638.649477    1982 bpe_model_trainer.cc:321] Added: freq=2930 size=54600 all=120158795 active=120151588 piece=局限在
I0000 00:00:1789583638.716396    1982 bpe_model_trainer.cc:321] Added: freq=2929 size=54620 all=120182043 active=120174836 piece=接地气
I0000 00:00:1789583638.796016    1982 bpe_model_trainer.cc:321] Added: freq=2927 size=54640 all=120208617 active=120201410 piece=同声
I0000 00:00:1789583638.886239    1982 bpe_model_trainer.cc:321] Added: freq=2926 size=54660 all=120235068 active=120227861 piece=的防治
I0000 00:00:1789583638.945890    1982 bpe_model_trainer.cc:321] Added: freq=2925 size=54680 all=120252932 active=120245725 piece=的论述
I0000 00:00:1789583639.022090    1982 bpe_model_trainer.cc:321] Added: freq=2924 size=54700 all=120271672 active=120264465 piece=商品和
I0000 00:00:1789583639.099469    1982 bpe_model_trainer.cc:321] Added: freq=2922 size=54720 all=120295618 active=120288411 piece=下到
I0000 00:00:1789583639.175389    1982 bpe_model_trainer.cc:321] Added: freq=2921 size=54740 all=120318293 active=120311086 piece=时则
I0000 00:00:1789583639.244590    1982 bpe_model_trainer.cc:321] Added: freq=2920 size=54760 all=120341107 active=120333900 piece=实感
I0000 00:00:1789583639.311435    1982 bpe_model_trainer.cc:321] Added: freq=2920 size=54780 all=120363103 active=120355896 piece=生活条件
I0000 00:00:1789583639.385188    1982 bpe_model_trainer.cc:321] Added: freq=2919 size=54800 all=120391748 active=120384541 piece=的期限
I0000 00:00:1789583639.456510    1982 bpe_model_trainer.cc:321] Added: freq=2918 size=54820 all=120411529 active=120404322 piece=任重道远
I0000 00:00:1789583639.538060    1982 bpe_model_trainer.cc:321] Added: freq=2916 size=54840 all=120431077 active=120423870 piece=抑扬
I0000 00:00:1789583639.608771    1982 bpe_model_trainer.cc:321] Added: freq=2915 size=54860 all=120451156 active=120443949 piece=长为
I0000 00:00:1789583639.710618    1982 bpe_model_trainer.cc:321] Added: freq=2914 size=54880 all=120477265 active=120470058 piece=可避免
I0000 00:00:1789583639.785268    1982 bpe_model_trainer.cc:321] Added: freq=2913 size=54900 all=120502158 active=120494951 piece=不成功
I0000 00:00:1789583639.860448    1982 bpe_model_trainer.cc:321] Added: freq=2912 size=54920 all=120523450 active=120516243 piece=对周围
I0000 00:00:1789583639.937736    1982 bpe_model_trainer.cc:321] Added: freq=2911 size=54940 all=120542432 active=120535225 piece=abase
I0000 00:00:1789583640.012049    1982 bpe_model_trainer.cc:321] Added: freq=2909 size=54960 all=120564551 active=120557344 piece=八戒
I0000 00:00:1789583640.088281    1982 bpe_model_trainer.cc:321] Added: freq=2908 size=54980 all=120583280 active=120576073 piece=分类的
I0000 00:00:1789583640.178231    1982 bpe_model_trainer.cc:321] Added: freq=2906 size=55000 all=120607019 active=120599812 piece=春水
I0000 00:00:1789583640.239958    1982 bpe_model_trainer.cc:321] Added: freq=2905 size=55020 all=120620619 active=120613412 piece=标线
I0000 00:00:1789583640.318149    1982 bpe_model_trainer.cc:321] Added: freq=2904 size=55040 all=120641887 active=120634680 piece=与员工
I0000 00:00:1789583640.412637    1982 bpe_model_trainer.cc:321] Added: freq=2903 size=55060 all=120662682 active=120655475 piece=面色苍白
I0000 00:00:1789583640.488283    1982 bpe_model_trainer.cc:321] Added: freq=2901 size=55080 all=120685784 active=120678577 piece=作图
I0000 00:00:1789583640.561432    1982 bpe_model_trainer.cc:321] Added: freq=2900 size=55100 all=120707658 active=120700451 piece=白鹭
I0000 00:00:1789583640.638179    1982 bpe_model_trainer.cc:321] Added: freq=2899 size=55120 all=120730002 active=120722795 piece=山上的
I0000 00:00:1789583640.711680    1982 bpe_model_trainer.cc:321] Added: freq=2898 size=55140 all=120753019 active=120745812 piece=▁mat
I0000 00:00:1789583640.776730    1982 bpe_model_trainer.cc:321] Added: freq=2897 size=55160 all=120772096 active=120764889 piece=受疫情影响
I0000 00:00:1789583640.848483    1982 bpe_model_trainer.cc:321] Added: freq=2895 size=55180 all=120796198 active=120788991 piece=yu
I0000 00:00:1789583640.925274    1982 bpe_model_trainer.cc:321] Added: freq=2894 size=55200 all=120816451 active=120809244 piece=轮作
I0000 00:00:1789583641.001111    1982 bpe_model_trainer.cc:321] Added: freq=2893 size=55220 all=120838427 active=120831220 piece=生物工程
I0000 00:00:1789583641.066934    1982 bpe_model_trainer.cc:321] Added: freq=2892 size=55240 all=120860941 active=120853734 piece=网络攻击
I0000 00:00:1789583641.155349    1982 bpe_model_trainer.cc:321] Added: freq=2891 size=55260 all=120885776 active=120878569 piece=该区域
I0000 00:00:1789583641.237380    1982 bpe_model_trainer.cc:321] Added: freq=2889 size=55280 all=120905584 active=120898377 piece=河套
I0000 00:00:1789583641.314181    1982 bpe_model_trainer.cc:321] Added: freq=2888 size=55300 all=120927944 active=120920737 piece=效果和
I0000 00:00:1789583641.398092    1982 bpe_model_trainer.cc:321] Added: freq=2886 size=55320 all=120947815 active=120940608 piece=香水
I0000 00:00:1789583641.471951    1982 bpe_model_trainer.cc:321] Added: freq=2885 size=55340 all=120969822 active=120962615 piece=二氧化碳的
I0000 00:00:1789583641.546362    1982 bpe_model_trainer.cc:321] Added: freq=2883 size=55360 all=120988194 active=120980987 piece=萧山
I0000 00:00:1789583641.615095    1982 bpe_model_trainer.cc:321] Added: freq=2882 size=55380 all=121008739 active=121001532 piece=和加工
I0000 00:00:1789583641.682487    1982 bpe_model_trainer.cc:321] Added: freq=2881 size=55400 all=121026960 active=121019753 piece=你一定要
I0000 00:00:1789583641.749849    1982 bpe_model_trainer.cc:321] Added: freq=2880 size=55420 all=121048759 active=121041552 piece=难以满足
I0000 00:00:1789583641.828735    1982 bpe_model_trainer.cc:321] Added: freq=2878 size=55440 all=121074340 active=121067133 piece=赚了
I0000 00:00:1789583641.896440    1982 bpe_model_trainer.cc:321] Added: freq=2877 size=55460 all=121095621 active=121088414 piece=尽量不
I0000 00:00:1789583641.981984    1982 bpe_model_trainer.cc:321] Added: freq=2876 size=55480 all=121115939 active=121108732 piece=如同一
I0000 00:00:1789583642.045466    1982 bpe_model_trainer.cc:321] Added: freq=2875 size=55500 all=121134405 active=121127198 piece=SSL
I0000 00:00:1789583642.120664    1982 bpe_model_trainer.cc:321] Added: freq=2874 size=55520 all=121155909 active=121148702 piece=1.24
I0000 00:00:1789583642.188014    1982 bpe_model_trainer.cc:321] Added: freq=2873 size=55540 all=121177352 active=121170145 piece=各种活动
I0000 00:00:1789583642.247508    1982 bpe_model_trainer.cc:321] Added: freq=2872 size=55560 all=121195388 active=121188181 piece=如此的
I0000 00:00:1789583642.333205    1982 bpe_model_trainer.cc:321] Added: freq=2871 size=55580 all=121222615 active=121215408 piece=肾功能衰竭
I0000 00:00:1789583642.410979    1982 bpe_model_trainer.cc:321] Added: freq=2869 size=55600 all=121243005 active=121235798 piece=年参加
I0000 00:00:1789583642.487331    1982 bpe_model_trainer.cc:321] Added: freq=2868 size=55620 all=121268380 active=121261173 piece=在总结
I0000 00:00:1789583642.555484    1982 bpe_model_trainer.cc:321] Added: freq=2867 size=55640 all=121294954 active=121287747 piece=索性
I0000 00:00:1789583642.635020    1982 bpe_model_trainer.cc:321] Added: freq=2866 size=55660 all=121317892 active=121310685 piece=能解决
I0000 00:00:1789583642.722245    1982 bpe_model_trainer.cc:321] Added: freq=2865 size=55680 all=121343314 active=121336107 piece=等文件
I0000 00:00:1789583642.797496    1982 bpe_model_trainer.cc:321] Added: freq=2863 size=55700 all=121365284 active=121358077 piece=从零
I0000 00:00:1789583642.870265    1982 bpe_model_trainer.cc:321] Added: freq=2862 size=55720 all=121388331 active=121381124 piece=东林
I0000 00:00:1789583642.949237    1982 bpe_model_trainer.cc:321] Added: freq=2861 size=55740 all=121410726 active=121403519 piece=阻肺
I0000 00:00:1789583643.021477    1982 bpe_model_trainer.cc:321] Added: freq=2860 size=55760 all=121428948 active=121421741 piece=绝对不会
I0000 00:00:1789583643.102008    1982 bpe_model_trainer.cc:321] Added: freq=2858 size=55780 all=121454371 active=121447164 piece=▁省
I0000 00:00:1789583643.170944    1982 bpe_model_trainer.cc:321] Added: freq=2858 size=55800 all=121476632 active=121469425 piece=见义勇为
I0000 00:00:1789583643.238932    1982 bpe_model_trainer.cc:321] Added: freq=2857 size=55820 all=121497981 active=121490774 piece=逐渐形成了
I0000 00:00:1789583643.320895    1982 bpe_model_trainer.cc:321] Added: freq=2855 size=55840 all=121523193 active=121515986 piece=三十三
I0000 00:00:1789583643.383946    1982 bpe_model_trainer.cc:321] Added: freq=2854 size=55860 all=121544055 active=121536848 piece=烧造
I0000 00:00:1789583643.486511    1982 bpe_model_trainer.cc:321] Added: freq=2853 size=55880 all=121568059 active=121560852 piece=相似度
I0000 00:00:1789583643.563830    1982 bpe_model_trainer.cc:321] Added: freq=2852 size=55900 all=121589563 active=121582356 piece=有代表性的
I0000 00:00:1789583643.639234    1982 bpe_model_trainer.cc:321] Added: freq=2850 size=55920 all=121609944 active=121602737 piece=三思
I0000 00:00:1789583643.728416    1982 bpe_model_trainer.cc:321] Added: freq=2849 size=55940 all=121633925 active=121626718 piece=需经
I0000 00:00:1789583643.810174    1982 bpe_model_trainer.cc:321] Added: freq=2848 size=55960 all=121654874 active=121647667 piece=我国政府
I0000 00:00:1789583643.882556    1982 bpe_model_trainer.cc:321] Added: freq=2847 size=55980 all=121675150 active=121667943 piece=引导学生在
I0000 00:00:1789583643.954450    1982 bpe_model_trainer.cc:321] Added: freq=2846 size=56000 all=121695340 active=121688133 piece=智慧的结晶
I0000 00:00:1789583644.032785    1982 bpe_model_trainer.cc:321] Added: freq=2844 size=56020 all=121719228 active=121712021 piece=FR
I0000 00:00:1789583644.120810    1982 bpe_model_trainer.cc:321] Added: freq=2843 size=56040 all=121737372 active=121730165 piece=只留下
I0000 00:00:1789583644.194277    1982 bpe_model_trainer.cc:321] Added: freq=2842 size=56060 all=121762157 active=121754950 piece=尼德
I0000 00:00:1789583644.282102    1982 bpe_model_trainer.cc:321] Added: freq=2842 size=56080 all=121784793 active=121777586 piece=越王勾践
I0000 00:00:1789583644.363372    1982 bpe_model_trainer.cc:321] Added: freq=2841 size=56100 all=121807911 active=121800704 piece=永远无法
I0000 00:00:1789583644.444814    1982 bpe_model_trainer.cc:321] Added: freq=2839 size=56120 all=121828544 active=121821337 piece=受邀
I0000 00:00:1789583644.530625    1982 bpe_model_trainer.cc:321] Added: freq=2838 size=56140 all=121850167 active=121842960 piece=腿上
I0000 00:00:1789583644.609792    1982 bpe_model_trainer.cc:321] Added: freq=2837 size=56160 all=121872299 active=121865092 piece=肺水肿
I0000 00:00:1789583644.684292    1982 bpe_model_trainer.cc:321] Added: freq=2836 size=56180 all=121890608 active=121883401 piece=着重于
I0000 00:00:1789583644.769960    1982 bpe_model_trainer.cc:321] Added: freq=2834 size=56200 all=121912322 active=121905115 piece=塔身
I0000 00:00:1789583644.856401    1982 bpe_model_trainer.cc:321] Added: freq=2833 size=56220 all=121935660 active=121928453 piece=对他说
I0000 00:00:1789583644.936539    1982 bpe_model_trainer.cc:321] Added: freq=2832 size=56240 all=121961047 active=121953840 piece=碳原子
I0000 00:00:1789583645.036046    1982 bpe_model_trainer.cc:321] Added: freq=2830 size=56260 all=121981222 active=121974015 piece=和全
I0000 00:00:1789583645.116938    1982 bpe_model_trainer.cc:321] Added: freq=2830 size=56280 all=122008916 active=122001709 piece=。1988
I0000 00:00:1789583645.187634    1982 bpe_model_trainer.cc:321] Added: freq=2829 size=56300 all=122030044 active=122022837 piece=强制性的
I0000 00:00:1789583645.251378    1982 bpe_model_trainer.cc:321] Added: freq=2828 size=56320 all=122048470 active=122041263 piece=天气变化
I0000 00:00:1789583645.325150    1982 bpe_model_trainer.cc:321] Added: freq=2827 size=56340 all=122072487 active=122065280 piece=等条件
I0000 00:00:1789583645.394682    1982 bpe_model_trainer.cc:321] Added: freq=2826 size=56360 all=122096213 active=122089006 piece=的高潮
I0000 00:00:1789583645.459399    1982 bpe_model_trainer.cc:321] Added: freq=2825 size=56380 all=122115003 active=122107796 piece=乡村治理
I0000 00:00:1789583645.531548    1982 bpe_model_trainer.cc:321] Added: freq=2824 size=56400 all=122134364 active=122127157 piece=自上而下的
I0000 00:00:1789583645.606042    1982 bpe_model_trainer.cc:321] Added: freq=2822 size=56420 all=122150887 active=122143680 piece=鎏金
I0000 00:00:1789583645.680787    1982 bpe_model_trainer.cc:321] Added: freq=2821 size=56440 all=122172942 active=122165735 piece=70%，
I0000 00:00:1789583645.752509    1982 bpe_model_trainer.cc:321] Added: freq=2820 size=56460 all=122194296 active=122187089 piece=-02-
I0000 00:00:1789583645.832945    1982 bpe_model_trainer.cc:321] Added: freq=2819 size=56480 all=122214036 active=122206829 piece=的最基本
I0000 00:00:1789583645.914464    1982 bpe_model_trainer.cc:321] Added: freq=2817 size=56500 all=122234437 active=122227230 piece=大师的
I0000 00:00:1789583645.985964    1982 bpe_model_trainer.cc:321] Added: freq=2815 size=56520 all=122251937 active=122244730 piece=戒指
I0000 00:00:1789583699.293838    1982 trainer_interface.cc:702] Saving model: ./tokenizer.model
I0000 00:00:1789583699.382307    1982 trainer_interface.cc:714] Saving vocabs: ./tokenizer.vocab
] contains escaped characters that break the format of ./tokenizer.vocabe [
[02:35:12]   分词器训练完成，耗时 49m10s -> ./tokenizer.model
[02:35:12] ==============================================================================
[02:35:12] 分词 299 个新的 jsonl 文件 -> uint16 token 分片
[02:35:12] ==============================================================================
[02:35:33]   处理 part_000000.jsonl (1.05 GB)…
[02:35:59]     112.64K 篇文档 | 143.89M train tokens | 4377 篇/s
[02:36:07]   part_000000.jsonl 完成：166.48K 篇，耗时 0m33s
[02:36:07]   处理 part_000001.jsonl (1.06 GB)…
[02:36:23]     112.64K 篇文档 | 356.56M train tokens | 7063 篇/s
[02:36:31]   part_000001.jsonl 完成：167.05K 篇，耗时 0m23s
[02:36:31]   处理 part_000002.jsonl (1.05 GB)…
[02:36:47]     112.64K 篇文档 | 571.72M train tokens | 6918 篇/s
[02:36:55]   part_000002.jsonl 完成：166.88K 篇，耗时 0m23s
[02:36:55]   处理 part_000003.jsonl (1.03 GB)…
[02:37:10]     112.64K 篇文档 | 784.35M train tokens | 7238 篇/s
[02:37:17]   part_000003.jsonl 完成：163.30K 篇，耗时 0m22s
[02:37:17]   处理 part_000004.jsonl (1.06 GB)…
[02:37:33]     112.64K 篇文档 | 992.37M train tokens | 7245 篇/s
[02:37:41]   part_000004.jsonl 完成：168.49K 篇，耗时 0m23s
[02:37:41]   处理 part_000005.jsonl (1.06 GB)…
[02:37:56]     112.64K 篇文档 | 1.21B train tokens | 7289 篇/s
[02:38:04]   part_000005.jsonl 完成：167.70K 篇，耗时 0m23s
[02:38:05]   处理 part_000006.jsonl (1.06 GB)…
[02:38:20]     112.64K 篇文档 | 1.42B train tokens | 7261 篇/s
[02:38:28]   part_000006.jsonl 完成：168.49K 篇，耗时 0m23s
[02:38:28]   处理 part_000007.jsonl (1.04 GB)…
[02:38:44]     112.64K 篇文档 | 1.64B train tokens | 7195 篇/s
[02:38:51]   part_000007.jsonl 完成：164.72K 篇，耗时 0m22s
[02:38:51]   处理 part_000008.jsonl (1.06 GB)…
[02:39:07]     112.64K 篇文档 | 1.85B train tokens | 7109 篇/s
[02:39:14]   part_000008.jsonl 完成：168.54K 篇，耗时 0m23s
[02:39:14]   处理 part_000009.jsonl (1.06 GB)…
[02:39:30]     112.64K 篇文档 | 2.06B train tokens | 7362 篇/s
[02:39:37]   part_000009.jsonl 完成：168.12K 篇，耗时 0m23s
[02:39:37]   处理 part_000010.jsonl (1.05 GB)…
[02:39:53]     112.64K 篇文档 | 2.28B train tokens | 7144 篇/s
[02:40:01]   part_000010.jsonl 完成：166.46K 篇，耗时 0m23s
[02:40:01]   处理 part_000011.jsonl (1.06 GB)…
[02:40:17]     112.64K 篇文档 | 2.49B train tokens | 7053 篇/s
[02:40:24]   part_000011.jsonl 完成：168.50K 篇，耗时 0m23s
[02:40:24]   处理 part_000012.jsonl (1.06 GB)…
[02:40:41]     112.64K 篇文档 | 2.71B train tokens | 6878 篇/s
[02:40:49]   part_000012.jsonl 完成：168.45K 篇，耗时 0m24s
[02:40:49]   处理 part_000013.jsonl (1.03 GB)…
[02:41:05]     112.64K 篇文档 | 2.92B train tokens | 7138 篇/s
[02:41:12]   part_000013.jsonl 完成：164.18K 篇，耗时 0m23s
[02:41:12]   处理 part_000014.jsonl (1.06 GB)…
[02:41:28]     112.64K 篇文档 | 3.13B train tokens | 7036 篇/s
[02:41:36]   part_000014.jsonl 完成：168.52K 篇，耗时 0m24s
[02:41:36]   处理 part_000015.jsonl (1.06 GB)…
[02:41:52]     112.64K 篇文档 | 3.35B train tokens | 7031 篇/s
[02:42:00]   part_000015.jsonl 完成：168.22K 篇，耗时 0m23s
[02:42:00]   处理 part_000016.jsonl (1.04 GB)…
[02:42:16]     112.64K 篇文档 | 3.56B train tokens | 6976 篇/s
[02:42:24]   part_000016.jsonl 完成：164.77K 篇，耗时 0m23s
[02:42:24]   处理 part_000017.jsonl (1.06 GB)…
[02:42:40]     112.64K 篇文档 | 3.77B train tokens | 7070 篇/s
[02:42:48]   part_000017.jsonl 完成：169.07K 篇，耗时 0m23s
[02:42:48]   处理 part_000018.jsonl (0.03 GB)…
[02:42:49]   part_000018.jsonl 完成：4.13K 篇，耗时 0m00s
[02:42:49]   处理 part_000019.jsonl (1.05 GB)…
[02:43:05]     112.64K 篇文档 | 3.99B train tokens | 7010 篇/s
[02:43:12]   part_000019.jsonl 完成：165.99K 篇，耗时 0m23s
[02:43:12]   处理 part_000020.jsonl (1.07 GB)…
[02:43:28]     112.64K 篇文档 | 4.21B train tokens | 7100 篇/s
[02:43:36]   part_000020.jsonl 完成：169.49K 篇，耗时 0m23s
[04:56:38]   处理 part_000091.jsonl (0.46 GB)…
[04:56:51]   part_000091.jsonl 完成：96.54K 篇，耗时 0m13s
[04:56:51]   处理 part_000092.jsonl (1.47 GB)…
[04:57:16]     112.64K 篇文档 | 280.70M train tokens | 4583 篇/s
[04:57:25]     202.75K 篇文档 | 362.23M train tokens | 6003 篇/s
[04:57:31]   part_000092.jsonl 完成：248.33K 篇，耗时 0m39s
[04:57:31]   处理 part_000093.jsonl (1.08 GB)…
[04:57:42]     112.64K 篇文档 | 507.74M train tokens | 9746 篇/s
[04:57:51]     202.75K 篇文档 | 589.67M train tokens | 9767 篇/s
[04:57:57]   part_000093.jsonl 完成：240.56K 篇，耗时 0m26s
[04:57:57]   处理 part_000094.jsonl (4.59 GB)…
[04:58:38]     112.64K 篇文档 | 929.61M train tokens | 2738 篇/s
[04:59:21]     202.75K 篇文档 | 1.19B train tokens | 2411 篇/s
[05:00:13]     315.39K 篇文档 | 1.50B train tokens | 2328 篇/s
[05:00:16]   part_000094.jsonl 完成：323.89K 篇，耗时 2m18s
[05:00:16]   处理 part_000095.jsonl (5.09 GB)…
[05:01:00]     112.64K 篇文档 | 1.84B train tokens | 2546 篇/s
[05:01:34]     202.75K 篇文档 | 2.11B train tokens | 2601 篇/s
[05:02:14]     315.39K 篇文档 | 2.42B train tokens | 2684 篇/s
[05:02:22]   part_000095.jsonl 完成：342.90K 篇，耗时 2m05s
[05:02:22]   处理 part_000096.jsonl (5.22 GB)…
[05:03:00]     112.64K 篇文档 | 2.81B train tokens | 2958 篇/s
[05:03:33]     202.75K 篇文档 | 3.08B train tokens | 2846 篇/s
[05:04:12]     315.39K 篇文档 | 3.40B train tokens | 2862 篇/s
[05:04:23]   part_000096.jsonl 完成：346.25K 篇，耗时 2m00s
[05:04:23]   处理 part_000097.jsonl (1.78 GB)…
[05:04:58]     112.64K 篇文档 | 3.79B train tokens | 3170 篇/s
[05:05:03]   part_000097.jsonl 完成：178.76K 篇，耗时 0m39s
[05:05:03]   处理 part_000098.jsonl (0.20 GB)…
[05:05:07]   part_000098.jsonl 完成：72.00K 篇，耗时 0m04s
[05:05:07]   处理 part_000099.jsonl (0.12 GB)…
[05:05:10]   part_000099.jsonl 完成：42.88K 篇，耗时 0m02s
[05:05:10]   处理 part_000100.jsonl (1.63 GB)…
[05:05:27]     112.64K 篇文档 | 4.05B train tokens | 6390 篇/s
[05:05:41]     202.75K 篇文档 | 4.18B train tokens | 6421 篇/s
[05:05:45]   part_000100.jsonl 完成：225.49K 篇，耗时 0m35s
[05:05:45]   处理 part_000101.jsonl (1.82 GB)…
[05:06:02]     112.64K 篇文档 | 4.38B train tokens | 6463 篇/s
[05:06:17]     202.75K 篇文档 | 4.51B train tokens | 6300 篇/s
[05:06:24]   part_000101.jsonl 完成：247.01K 篇，耗时 0m38s
[05:06:24]   处理 part_000102.jsonl (1.81 GB)…
[05:06:41]     112.64K 篇文档 | 4.73B train tokens | 6681 篇/s
[05:06:55]     202.75K 篇文档 | 4.86B train tokens | 6486 篇/s
[05:07:02]   part_000102.jsonl 完成：247.14K 篇，耗时 0m38s
[05:07:02]   处理 part_000103.jsonl (1.82 GB)…
[05:07:20]     112.64K 篇文档 | 5.08B train tokens | 6215 篇/s
[05:07:35]     202.75K 篇文档 | 5.21B train tokens | 6222 篇/s
[05:07:41]   part_000103.jsonl 完成：246.99K 篇，耗时 0m39s
[05:07:41]   处理 part_000104.jsonl (1.02 GB)…
[05:07:59]     112.64K 篇文档 | 5.44B train tokens | 6439 篇/s
[05:08:03]   part_000104.jsonl 完成：148.01K 篇，耗时 0m21s
[05:08:03]   处理 part_000105.jsonl (0.02 GB)…
[05:08:03]   part_000105.jsonl 完成：21.74K 篇，耗时 0m00s
[05:08:03]   处理 part_000106.jsonl (0.02 GB)…
[05:08:04]   part_000106.jsonl 完成：21.18K 篇，耗时 0m00s
[05:08:04]   处理 part_000107.jsonl (0.02 GB)…
[05:08:04]   part_000107.jsonl 完成：20.77K 篇，耗时 0m00s
[05:08:04]   处理 part_000108.jsonl (0.02 GB)…
[05:08:05]   part_000108.jsonl 完成：18.95K 篇，耗时 0m00s
[05:08:05]   处理 part_000109.jsonl (0.02 GB)…
[05:08:05]   part_000109.jsonl 完成：18.49K 篇，耗时 0m00s
[05:08:05]   处理 part_000110.jsonl (0.02 GB)…
[05:08:05]   part_000110.jsonl 完成：18.18K 篇，耗时 0m00s
[05:08:05]   处理 part_000111.jsonl (0.01 GB)…
[05:08:06]   part_000111.jsonl 完成：14.99K 篇，耗时 0m00s
[05:08:06]   处理 part_000112.jsonl (0.03 GB)…
[05:08:06]   part_000112.jsonl 完成：26.70K 篇，耗时 0m00s
[05:08:06]   处理 part_000113.jsonl (0.02 GB)…
[05:08:07]   part_000113.jsonl 完成：25.60K 篇，耗时 0m00s
[05:08:07]   处理 part_000114.jsonl (0.02 GB)…
[05:08:07]   part_000114.jsonl 完成：23.05K 篇，耗时 0m00s
[05:08:07]   处理 part_000115.jsonl (0.02 GB)…
[05:08:08]   part_000115.jsonl 完成：25.82K 篇，耗时 0m00s
[05:08:08]   处理 part_000116.jsonl (0.02 GB)…
[05:08:08]   part_000116.jsonl 完成：24.49K 篇，耗时 0m00s
[05:08:08]   处理 part_000117.jsonl (0.02 GB)…
[05:08:09]   part_000117.jsonl 完成：23.82K 篇，耗时 0m00s
[05:08:09]   处理 part_000118.jsonl (0.02 GB)…
[05:08:09]   part_000118.jsonl 完成：22.66K 篇，耗时 0m00s
[05:08:09]   处理 part_000119.jsonl (0.01 GB)…
[05:08:10]   part_000119.jsonl 完成：15.24K 篇，耗时 0m00s
[05:08:10]   处理 part_000120.jsonl (0.01 GB)…
[05:08:10]   part_000120.jsonl 完成：13.57K 篇，耗时 0m00s
[05:08:10]   处理 part_000121.jsonl (0.01 GB)…
[05:08:10]   part_000121.jsonl 完成：11.93K 篇，耗时 0m00s
[05:08:10]   处理 part_000122.jsonl (0.14 GB)…
[05:08:13]   part_000122.jsonl 完成：31.48K 篇，耗时 0m02s
[05:08:13]   处理 part_000123.jsonl (0.03 GB)…
[05:08:14]   part_000123.jsonl 完成：29.03K 篇，耗时 0m00s
[05:08:14]   处理 part_000124.jsonl (0.03 GB)…
[05:08:14]   part_000124.jsonl 完成：29.47K 篇，耗时 0m00s
[05:08:14]   处理 part_000125.jsonl (0.03 GB)…
[05:08:15]   part_000125.jsonl 完成：28.23K 篇，耗时 0m00s
[05:08:15]   处理 part_000126.jsonl (0.03 GB)…
[05:08:16]   part_000126.jsonl 完成：30.16K 篇，耗时 0m00s
[05:08:16]   处理 part_000127.jsonl (0.03 GB)…
[05:08:17]   part_000127.jsonl 完成：30.00K 篇，耗时 0m00s
[05:08:17]   处理 part_000128.jsonl (0.03 GB)…
[05:08:17]   part_000128.jsonl 完成：28.71K 篇，耗时 0m00s
[05:08:17]   处理 part_000129.jsonl (0.03 GB)…
[05:08:18]   part_000129.jsonl 完成：29.31K 篇，耗时 0m00s
[05:08:18]   处理 part_000130.jsonl (0.03 GB)…
[05:08:18]   part_000130.jsonl 完成：29.14K 篇，耗时 0m00s
[05:08:19]   处理 part_000131.jsonl (0.03 GB)…
[05:08:19]   part_000131.jsonl 完成：28.96K 篇，耗时 0m00s
[05:08:19]   处理 part_000132.jsonl (0.05 GB)…
[05:08:20]   part_000132.jsonl 完成：39.47K 篇，耗时 0m00s
[05:08:20]   处理 part_000133.jsonl (0.00 GB)…
[05:08:20]   part_000133.jsonl 完成：2.08K 篇，耗时 0m00s
[05:08:20]   处理 part_000134.jsonl (0.00 GB)…
[05:08:20]   part_000134.jsonl 完成：1.69K 篇，耗时 0m00s
[05:08:20]   处理 part_000135.jsonl (0.00 GB)…
[05:08:20]   part_000135.jsonl 完成：880 篇，耗时 0m00s
[05:08:20]   处理 part_000136.jsonl (0.00 GB)…
[05:08:21]   part_000136.jsonl 完成：1.18K 篇，耗时 0m00s
[05:08:21]   处理 part_000137.jsonl (0.00 GB)…
[05:08:21]   part_000137.jsonl 完成：1.65K 篇，耗时 0m00s
[05:08:21]   处理 part_000138.jsonl (0.00 GB)…
[05:08:21]   part_000138.jsonl 完成：176 篇，耗时 0m00s
[05:08:21]   处理 part_000139.jsonl (0.00 GB)…
[05:08:21]   part_000139.jsonl 完成：765 篇，耗时 0m00s
[05:08:21]   处理 part_000140.jsonl (0.00 GB)…
[05:08:21]   part_000140.jsonl 完成：1.11K 篇，耗时 0m00s
[05:08:21]   处理 part_000141.jsonl (0.00 GB)…
[05:08:21]   part_000141.jsonl 完成：1.84K 篇，耗时 0m00s
[05:08:21]   处理 part_000142.jsonl (0.00 GB)…
[05:08:21]   part_000142.jsonl 完成：1.04K 篇，耗时 0m00s
[05:08:21]   处理 part_000143.jsonl (0.02 GB)…
[05:08:22]   part_000143.jsonl 完成：2.29K 篇，耗时 0m00s
[05:08:22]   处理 part_000144.jsonl (0.05 GB)…
[05:08:23]   part_000144.jsonl 完成：6.76K 篇，耗时 0m01s
[05:08:23]   处理 part_000145.jsonl (0.01 GB)…
[05:08:23]   part_000145.jsonl 完成：1.68K 篇，耗时 0m00s
[05:08:23]   处理 part_000146.jsonl (0.05 GB)…
[05:08:24]   part_000146.jsonl 完成：7.45K 篇，耗时 0m01s
[05:08:24]   处理 part_000147.jsonl (0.03 GB)…
[05:08:25]   part_000147.jsonl 完成：4.59K 篇，耗时 0m00s
[05:08:25]   处理 part_000148.jsonl (0.04 GB)…
[05:08:26]   part_000148.jsonl 完成：6.83K 篇，耗时 0m00s
[05:08:26]   处理 part_000149.jsonl (0.02 GB)…
[05:08:26]   part_000149.jsonl 完成：23.00K 篇，耗时 0m00s
[05:08:27]   处理 part_000150.jsonl (0.03 GB)…
[05:08:27]   part_000150.jsonl 完成：28.08K 篇，耗时 0m00s
[05:08:27]   处理 part_000151.jsonl (0.03 GB)…
[05:08:28]   part_000151.jsonl 完成：29.62K 篇，耗时 0m00s
[05:08:28]   处理 part_000152.jsonl (0.03 GB)…
[05:08:29]   part_000152.jsonl 完成：29.90K 篇，耗时 0m00s
[05:08:29]   处理 part_000153.jsonl (0.03 GB)…
[05:08:29]   part_000153.jsonl 完成：29.93K 篇，耗时 0m00s
[05:08:29]   处理 part_000154.jsonl (0.03 GB)…
[05:08:30]   part_000154.jsonl 完成：29.89K 篇，耗时 0m00s
[05:08:30]   处理 part_000155.jsonl (0.03 GB)…
[05:08:31]   part_000155.jsonl 完成：29.04K 篇，耗时 0m00s
[05:08:31]   处理 part_000156.jsonl (0.03 GB)…
[05:08:31]   part_000156.jsonl 完成：29.99K 篇，耗时 0m00s
[05:08:32]   处理 part_000157.jsonl (0.03 GB)…
[05:08:32]   part_000157.jsonl 完成：28.19K 篇，耗时 0m00s
[05:08:32]   处理 part_000158.jsonl (0.03 GB)…
[05:08:33]   part_000158.jsonl 完成：29.45K 篇，耗时 0m00s
[05:08:33]   处理 part_000159.jsonl (0.03 GB)…
[05:08:33]   part_000159.jsonl 完成：29.51K 篇，耗时 0m00s
[05:08:33]   处理 part_000160.jsonl (0.03 GB)…
[05:08:34]   part_000160.jsonl 完成：28.80K 篇，耗时 0m00s
[05:08:34]   处理 part_000161.jsonl (0.03 GB)…
[05:08:35]   part_000161.jsonl 完成：29.89K 篇，耗时 0m00s
[05:08:35]   处理 part_000162.jsonl (0.03 GB)…
[05:08:35]   part_000162.jsonl 完成：27.95K 篇，耗时 0m00s
[05:08:35]   处理 part_000163.jsonl (0.03 GB)…
[05:08:36]   part_000163.jsonl 完成：29.86K 篇，耗时 0m00s
[05:08:36]   处理 part_000164.jsonl (0.03 GB)…
[05:08:37]   part_000164.jsonl 完成：28.96K 篇，耗时 0m00s
[05:08:37]   处理 part_000165.jsonl (0.03 GB)…
[05:08:37]   part_000165.jsonl 完成：27.82K 篇，耗时 0m00s
[05:08:37]   处理 part_000166.jsonl (0.03 GB)…
[05:08:38]   part_000166.jsonl 完成：30.35K 篇，耗时 0m00s
[05:08:38]   处理 part_000167.jsonl (0.03 GB)…
[05:08:38]   part_000167.jsonl 完成：29.16K 篇，耗时 0m00s
[05:08:39]   处理 part_000168.jsonl (0.03 GB)…
[05:08:39]   part_000168.jsonl 完成：28.26K 篇，耗时 0m00s
[05:08:39]   处理 part_000169.jsonl (0.10 GB)…
[05:08:41]     112.64K 篇文档 | 5.76B train tokens | 66360 篇/s
[05:08:41]   part_000169.jsonl 完成：130.98K 篇，耗时 0m02s
[05:08:41]   处理 part_000170.jsonl (0.07 GB)…
[05:08:43]   part_000170.jsonl 完成：68.78K 篇，耗时 0m01s
[05:08:43]   处理 part_000171.jsonl (0.06 GB)…
[05:08:44]   part_000171.jsonl 完成：63.60K 篇，耗时 0m01s
[05:08:44]   处理 part_000172.jsonl (0.06 GB)…
[05:08:45]   part_000172.jsonl 完成：64.54K 篇，耗时 0m01s
[05:08:45]   处理 part_000173.jsonl (0.07 GB)…
[05:08:47]   part_000173.jsonl 完成：68.85K 篇，耗时 0m01s
[05:08:47]   处理 part_000174.jsonl (0.05 GB)…
[05:08:48]   part_000174.jsonl 完成：52.14K 篇，耗时 0m00s
[05:08:48]   处理 part_000175.jsonl (0.05 GB)…
[05:08:49]   part_000175.jsonl 完成：54.77K 篇，耗时 0m01s
[05:08:49]   处理 part_000176.jsonl (0.05 GB)…
[05:08:50]   part_000176.jsonl 完成：46.28K 篇，耗时 0m00s
[05:08:50]   处理 part_000177.jsonl (0.04 GB)…
[05:08:51]   part_000177.jsonl 完成：42.50K 篇，耗时 0m00s
[05:08:51]   处理 part_000178.jsonl (0.04 GB)…
[05:08:51]   part_000178.jsonl 完成：39.49K 篇，耗时 0m00s
[05:08:52]   处理 part_000179.jsonl (0.03 GB)…
[05:08:52]   part_000179.jsonl 完成：34.09K 篇，耗时 0m00s
[05:08:52]   处理 part_000180.jsonl (0.02 GB)…
[05:08:53]   part_000180.jsonl 完成：17.88K 篇，耗时 0m00s
[05:08:53]   处理 part_000181.jsonl (0.05 GB)…
[05:08:54]   part_000181.jsonl 完成：56.77K 篇，耗时 0m01s
[05:08:54]   处理 part_000182.jsonl (0.04 GB)…
[05:08:55]   part_000182.jsonl 完成：45.01K 篇，耗时 0m00s
[05:08:55]   处理 part_000183.jsonl (0.03 GB)…
[05:08:56]   part_000183.jsonl 完成：33.58K 篇，耗时 0m00s
[05:08:56]   处理 part_000184.jsonl (0.05 GB)…
[05:08:57]   part_000184.jsonl 完成：51.59K 篇，耗时 0m01s
[05:08:57]   处理 part_000185.jsonl (0.04 GB)…
[05:08:58]   part_000185.jsonl 完成：42.52K 篇，耗时 0m00s
[05:08:58]   处理 part_000186.jsonl (0.02 GB)…
[05:08:58]   part_000186.jsonl 完成：22.80K 篇，耗时 0m00s
[05:08:58]   处理 part_000187.jsonl (0.75 GB)…
[05:09:15]     109.58K 篇文档 | 6.05B train tokens | 6564 篇/s
[05:09:15]   part_000187.jsonl 完成：109.58K 篇，耗时 0m16s
[05:09:15]   处理 part_000188.jsonl (1.29 GB)…
[05:09:35]     112.64K 篇文档 | 6.23B train tokens | 5704 篇/s
[05:09:44]   part_000188.jsonl 完成：165.94K 篇，耗时 0m29s
[05:09:44]   处理 part_000189.jsonl (1.28 GB)…
[05:10:04]     112.64K 篇文档 | 6.49B train tokens | 5644 篇/s
[05:10:13]   part_000189.jsonl 完成：164.22K 篇，耗时 0m28s
[05:10:13]   处理 part_000190.jsonl (1.31 GB)…
[05:10:33]     112.64K 篇文档 | 6.76B train tokens | 5519 篇/s
[05:10:43]   part_000190.jsonl 完成：167.68K 篇，耗时 0m30s
[05:10:43]   处理 part_000191.jsonl (1.30 GB)…
[05:11:04]     112.64K 篇文档 | 7.02B train tokens | 5501 篇/s
[05:11:14]   part_000191.jsonl 完成：167.82K 篇，耗时 0m30s
[05:11:14]   处理 part_000192.jsonl (1.30 GB)…
[05:11:34]     112.64K 篇文档 | 7.29B train tokens | 5630 篇/s
[05:11:43]   part_000192.jsonl 完成：167.55K 篇，耗时 0m29s
[05:11:44]   处理 part_000193.jsonl (1.29 GB)…
[05:12:03]     112.64K 篇文档 | 7.56B train tokens | 5767 篇/s
[05:12:13]   part_000193.jsonl 完成：166.38K 篇，耗时 0m29s
[05:12:13]   处理 part_000194.jsonl (1.31 GB)…
[05:12:32]     112.64K 篇文档 | 7.82B train tokens | 5704 篇/s
[05:12:42]   part_000194.jsonl 完成：169.66K 篇，耗时 0m29s
[05:12:42]   处理 part_000195.jsonl (1.32 GB)…
[05:13:02]     112.64K 篇文档 | 8.09B train tokens | 5700 篇/s
[05:13:13]   part_000195.jsonl 完成：170.76K 篇，耗时 0m30s
[05:13:13]   处理 part_000196.jsonl (1.27 GB)…
[05:13:33]     112.64K 篇文档 | 8.36B train tokens | 5695 篇/s
[05:13:42]   part_000196.jsonl 完成：162.69K 篇，耗时 0m28s
[05:13:42]   处理 part_000197.jsonl (1.30 GB)…
[05:14:01]     112.64K 篇文档 | 8.62B train tokens | 5684 篇/s
[05:14:11]   part_000197.jsonl 完成：167.16K 篇，耗时 0m29s
[05:14:11]   处理 part_000198.jsonl (1.29 GB)…
[05:14:31]     112.64K 篇文档 | 8.88B train tokens | 5747 篇/s
[05:14:41]   part_000198.jsonl 完成：167.02K 篇，耗时 0m29s
[05:14:41]   处理 part_000199.jsonl (1.30 GB)…
[05:15:00]     112.64K 篇文档 | 9.15B train tokens | 5784 篇/s
[05:15:10]   part_000199.jsonl 完成：166.86K 篇，耗时 0m29s
[05:15:10]   处理 part_000200.jsonl (1.30 GB)…
[05:15:31]     112.64K 篇文档 | 9.42B train tokens | 5329 篇/s
[05:15:42]   part_000200.jsonl 完成：166.57K 篇，耗时 0m31s
[05:15:42]   处理 part_000201.jsonl (1.30 GB)…
[05:16:02]     112.64K 篇文档 | 9.68B train tokens | 5613 篇/s
[05:16:11]   part_000201.jsonl 完成：167.56K 篇，耗时 0m29s
[05:16:11]   处理 part_000202.jsonl (1.29 GB)…
[05:16:30]     112.64K 篇文档 | 9.95B train tokens | 5856 篇/s
[05:16:40]   part_000202.jsonl 完成：165.94K 篇，耗时 0m28s
[05:16:40]   处理 part_000203.jsonl (1.29 GB)…
[05:16:59]     112.64K 篇文档 | 10.21B train tokens | 5805 篇/s
[05:17:08]   part_000203.jsonl 完成：166.85K 篇，耗时 0m28s
[05:17:08]   处理 part_000204.jsonl (1.42 GB)…
[05:17:28]     112.64K 篇文档 | 10.48B train tokens | 5600 篇/s
[05:17:42]   part_000204.jsonl 完成：189.52K 篇，耗时 0m33s
[05:17:42]   处理 part_000205.jsonl (2.03 GB)…
[05:18:02]     112.64K 篇文档 | 10.77B train tokens | 5663 篇/s
[05:18:18]     202.75K 篇文档 | 10.92B train tokens | 5545 篇/s
[05:18:31]   part_000205.jsonl 完成：265.20K 篇，耗时 0m48s
[05:18:31]   处理 part_000206.jsonl (1.83 GB)…
[05:18:49]     112.64K 篇文档 | 11.19B train tokens | 6176 篇/s
[05:19:07]     202.75K 篇文档 | 11.34B train tokens | 5516 篇/s
[05:19:15]   part_000206.jsonl 完成：245.18K 篇，耗时 0m44s
[05:19:15]   处理 part_000207.jsonl (1.94 GB)…
[05:19:38]     112.64K 篇文档 | 11.60B train tokens | 4963 篇/s
[05:19:56]     202.75K 篇文档 | 11.75B train tokens | 5041 篇/s
[05:20:03]   part_000207.jsonl 完成：246.95K 篇，耗时 0m48s
[05:20:03]   处理 part_000208.jsonl (1.80 GB)…
[05:20:22]     112.64K 篇文档 | 11.99B train tokens | 5989 篇/s
[05:20:38]     202.75K 篇文档 | 12.13B train tokens | 5871 篇/s
[05:20:46]   part_000208.jsonl 完成：242.26K 篇，耗时 0m42s
[05:20:46]   处理 part_000209.jsonl (1.69 GB)…
[05:21:04]     112.64K 篇文档 | 12.35B train tokens | 6145 篇/s
[05:21:18]     202.75K 篇文档 | 12.47B train tokens | 6363 篇/s
[05:21:25]   part_000209.jsonl 完成：251.88K 篇，耗时 0m39s
[05:21:25]   处理 part_000210.jsonl (1.69 GB)…
[05:21:41]     112.64K 篇文档 | 12.68B train tokens | 7041 篇/s
[05:21:55]     202.75K 篇文档 | 12.80B train tokens | 6832 篇/s
[05:22:02]   part_000210.jsonl 完成：253.31K 篇，耗时 0m37s
[05:22:02]   处理 part_000211.jsonl (0.03 GB)…
[05:22:03]   part_000211.jsonl 完成：4.33K 篇，耗时 0m00s
[05:22:03]   处理 part_000212.jsonl (1.70 GB)…
[05:22:19]     112.64K 篇文档 | 13.02B train tokens | 6947 篇/s
[05:22:32]     202.75K 篇文档 | 13.14B train tokens | 6946 篇/s
[05:22:40]   part_000212.jsonl 完成：254.68K 篇，耗时 0m36s
[05:22:40]   处理 part_000213.jsonl (1.71 GB)…
[05:22:55]     112.64K 篇文档 | 13.36B train tokens | 7223 篇/s
[05:23:08]     202.75K 篇文档 | 13.48B train tokens | 7130 篇/s
[05:23:16]   part_000213.jsonl 完成：255.40K 篇，耗时 0m36s
[05:23:16]   处理 part_000214.jsonl (0.30 GB)…
[05:23:23]   part_000214.jsonl 完成：59.83K 篇，耗时 0m06s
[05:23:23]   处理 part_000215.jsonl (0.17 GB)…
[05:23:26]   part_000215.jsonl 完成：41.47K 篇，耗时 0m03s
[05:23:26]   处理 part_000216.jsonl (0.18 GB)…
[05:23:30]   part_000216.jsonl 完成：43.34K 篇，耗时 0m03s
[05:23:30]   处理 part_000217.jsonl (0.16 GB)…
[05:23:34]   part_000217.jsonl 完成：40.18K 篇，耗时 0m03s
[05:23:34]   处理 part_000218.jsonl (0.17 GB)…
[05:23:38]   part_000218.jsonl 完成：42.98K 篇，耗时 0m03s
[05:23:38]   处理 part_000219.jsonl (0.18 GB)…
[05:23:41]   part_000219.jsonl 完成：42.99K 篇，耗时 0m03s
[05:23:41]   处理 part_000220.jsonl (0.17 GB)…
[05:23:45]   part_000220.jsonl 完成：42.73K 篇，耗时 0m03s
[05:23:45]   处理 part_000221.jsonl (0.16 GB)…
[05:23:49]   part_000221.jsonl 完成：39.19K 篇，耗时 0m03s
[05:23:49]   处理 part_000222.jsonl (0.16 GB)…
[05:23:52]   part_000222.jsonl 完成：40.56K 篇，耗时 0m03s
[05:23:52]   处理 part_000223.jsonl (0.19 GB)…
[05:23:56]   part_000223.jsonl 完成：45.13K 篇，耗时 0m04s
[05:23:56]   处理 part_000224.jsonl (0.17 GB)…
[05:24:00]   part_000224.jsonl 完成：43.33K 篇，耗时 0m03s
[05:24:00]   处理 part_000225.jsonl (0.17 GB)…
[05:24:04]   part_000225.jsonl 完成：42.79K 篇，耗时 0m03s
[05:24:04]   处理 part_000226.jsonl (0.18 GB)…
[05:24:08]   part_000226.jsonl 完成：43.52K 篇，耗时 0m03s
[05:24:08]   处理 part_000227.jsonl (0.18 GB)…
[05:24:11]   part_000227.jsonl 完成：43.29K 篇，耗时 0m03s
[05:24:12]   处理 part_000228.jsonl (0.17 GB)…
[05:24:15]   part_000228.jsonl 完成：40.93K 篇，耗时 0m03s
[05:24:15]   处理 part_000229.jsonl (0.17 GB)…
[05:24:19]   part_000229.jsonl 完成：41.49K 篇，耗时 0m03s
[05:24:19]   处理 part_000230.jsonl (0.18 GB)…
[05:24:23]   part_000230.jsonl 完成：43.63K 篇，耗时 0m04s
[05:24:23]   处理 part_000231.jsonl (0.18 GB)…
[05:24:27]   part_000231.jsonl 完成：43.34K 篇，耗时 0m03s
[05:24:27]   处理 part_000232.jsonl (0.18 GB)…
[05:24:31]   part_000232.jsonl 完成：44.80K 篇，耗时 0m03s
[05:24:31]   处理 part_000233.jsonl (0.17 GB)…
[05:24:34]   part_000233.jsonl 完成：42.51K 篇，耗时 0m03s
[05:24:35]   处理 part_000234.jsonl (0.17 GB)…
[05:24:38]   part_000234.jsonl 完成：41.32K 篇，耗时 0m03s
[05:24:38]   处理 part_000235.jsonl (0.17 GB)…
[05:24:42]   part_000235.jsonl 完成：42.34K 篇，耗时 0m03s
[05:24:42]   处理 part_000236.jsonl (0.28 GB)…
[05:24:48]   part_000236.jsonl 完成：51.36K 篇，耗时 0m06s
[05:24:48]   处理 part_000237.jsonl (0.49 GB)…
[05:24:59]   part_000237.jsonl 完成：70.14K 篇，耗时 0m10s
[05:24:59]   处理 part_000238.jsonl (0.46 GB)…
[05:25:10]   part_000238.jsonl 完成：65.66K 篇，耗时 0m10s
[05:25:10]   处理 part_000239.jsonl (0.52 GB)…
[05:25:22]   part_000239.jsonl 完成：74.54K 篇，耗时 0m12s
[05:25:22]   处理 part_000240.jsonl (0.49 GB)…
[05:25:34]   part_000240.jsonl 完成：70.12K 篇，耗时 0m11s
[05:25:34]   处理 part_000241.jsonl (0.50 GB)…
[05:25:45]   part_000241.jsonl 完成：71.49K 篇，耗时 0m11s
[05:25:45]   处理 part_000242.jsonl (0.47 GB)…
[05:25:55]   part_000242.jsonl 完成：67.62K 篇，耗时 0m10s
[05:25:56]   处理 part_000243.jsonl (0.39 GB)…
[05:26:04]   part_000243.jsonl 完成：56.50K 篇，耗时 0m08s
[05:26:04]   处理 part_000244.jsonl (0.46 GB)…
[05:26:14]   part_000244.jsonl 完成：66.20K 篇，耗时 0m10s
[05:26:14]   处理 part_000245.jsonl (0.41 GB)…
[05:26:24]   part_000245.jsonl 完成：58.40K 篇，耗时 0m09s
[05:26:24]   处理 part_000246.jsonl (0.42 GB)…
[05:26:33]   part_000246.jsonl 完成：60.23K 篇，耗时 0m09s
[05:26:33]   处理 part_000247.jsonl (0.47 GB)…
[05:26:44]   part_000247.jsonl 完成：66.67K 篇，耗时 0m10s
[05:26:44]   处理 part_000248.jsonl (2.29 GB)…
[05:27:04]     112.64K 篇文档 | 15.62B train tokens | 5501 篇/s
[05:27:22]     202.75K 篇文档 | 15.77B train tokens | 5279 篇/s
[05:27:36]   part_000248.jsonl 完成：274.27K 篇，耗时 0m51s
[05:27:36]   处理 part_000249.jsonl (3.17 GB)…
[05:27:58]     112.64K 篇文档 | 16.09B train tokens | 5061 篇/s
[05:28:15]     202.75K 篇文档 | 16.24B train tokens | 5082 篇/s
[05:28:38]     315.39K 篇文档 | 16.44B train tokens | 5055 篇/s
[05:28:48]   part_000249.jsonl 完成：370.37K 篇，耗时 1m12s
[05:28:48]   处理 part_000250.jsonl (1.13 GB)…
[05:29:02]     112.64K 篇文档 | 16.66B train tokens | 7878 篇/s
[05:29:12]   part_000250.jsonl 完成：186.60K 篇，耗时 0m23s
[05:29:12]   处理 part_000251.jsonl (1.17 GB)…
[05:29:26]     112.64K 篇文档 | 16.88B train tokens | 8082 篇/s
[05:29:36]   part_000251.jsonl 完成：190.67K 篇，耗时 0m24s
[05:29:36]   处理 part_000252.jsonl (1.16 GB)…
[05:29:50]     112.64K 篇文档 | 17.11B train tokens | 7712 篇/s
[05:30:00]   part_000252.jsonl 完成：190.98K 篇，耗时 0m24s
[05:30:00]   处理 part_000253.jsonl (1.35 GB)…
[05:30:20]     112.64K 篇文档 | 17.37B train tokens | 5717 篇/s
[05:30:30]   part_000253.jsonl 完成：159.64K 篇，耗时 0m29s
[05:30:30]   处理 part_000254.jsonl (1.37 GB)…
[05:30:49]     112.64K 篇文档 | 17.62B train tokens | 5721 篇/s
[05:30:58]   part_000254.jsonl 完成：162.06K 篇，耗时 0m28s
[05:30:58]   处理 part_000255.jsonl (1.47 GB)…
[05:31:21]     112.64K 篇文档 | 17.90B train tokens | 5006 篇/s
[05:31:30]   part_000255.jsonl 完成：161.84K 篇，耗时 0m31s
[05:31:30]   处理 part_000256.jsonl (1.37 GB)…
[05:31:51]     112.64K 篇文档 | 18.16B train tokens | 5534 篇/s
[05:31:59]   part_000256.jsonl 完成：161.44K 篇，耗时 0m28s
[05:31:59]   处理 part_000257.jsonl (1.39 GB)…
[05:32:19]     112.64K 篇文档 | 18.41B train tokens | 5645 篇/s
[05:32:29]   part_000257.jsonl 完成：162.34K 篇，耗时 0m29s
[05:32:29]   处理 part_000258.jsonl (1.27 GB)…
[05:32:49]     112.64K 篇文档 | 18.67B train tokens | 5578 篇/s
[05:32:56]   part_000258.jsonl 完成：150.69K 篇，耗时 0m26s
[05:32:56]   处理 part_000259.jsonl (0.51 GB)…
[05:33:08]   part_000259.jsonl 完成：86.45K 篇，耗时 0m11s
[05:33:08]   处理 part_000260.jsonl (0.50 GB)…
[05:33:20]   part_000260.jsonl 完成：87.05K 篇，耗时 0m11s
[05:33:20]   处理 part_000261.jsonl (0.51 GB)…
[05:33:31]   part_000261.jsonl 完成：84.64K 篇，耗时 0m11s
[05:33:31]   处理 part_000262.jsonl (0.50 GB)…
[05:33:43]   part_000262.jsonl 完成：84.21K 篇，耗时 0m11s
[05:33:43]   处理 part_000263.jsonl (0.48 GB)…
[05:33:53]   part_000263.jsonl 完成：86.43K 篇，耗时 0m10s
[05:33:53]   处理 part_000264.jsonl (0.54 GB)…
[05:34:06]   part_000264.jsonl 完成：85.91K 篇，耗时 0m12s
[05:34:06]   处理 part_000265.jsonl (0.49 GB)…
[05:34:17]   part_000265.jsonl 完成：87.14K 篇，耗时 0m10s
[05:34:17]   处理 part_000266.jsonl (0.51 GB)…
[05:34:29]   part_000266.jsonl 完成：86.33K 篇，耗时 0m11s
[05:34:29]   处理 part_000267.jsonl (0.51 GB)…
[05:34:40]   part_000267.jsonl 完成：86.74K 篇，耗时 0m11s
[05:34:40]   处理 part_000268.jsonl (0.49 GB)…
[05:34:51]   part_000268.jsonl 完成：84.88K 篇，耗时 0m10s
[05:34:51]   处理 part_000269.jsonl (0.52 GB)…
[05:35:03]   part_000269.jsonl 完成：85.11K 篇，耗时 0m12s
[05:35:03]   处理 part_000270.jsonl (0.51 GB)…
[05:35:15]   part_000270.jsonl 完成：86.34K 篇，耗时 0m11s
[05:35:15]   处理 part_000271.jsonl (0.51 GB)…
[05:35:26]   part_000271.jsonl 完成：86.34K 篇，耗时 0m11s
[05:35:26]   处理 part_000272.jsonl (0.51 GB)…
[05:35:37]   part_000272.jsonl 完成：87.17K 篇，耗时 0m11s
[05:35:38]   处理 part_000273.jsonl (0.48 GB)…
[05:35:48]   part_000273.jsonl 完成：86.86K 篇，耗时 0m10s
[05:35:48]   处理 part_000274.jsonl (0.49 GB)…
[05:35:59]   part_000274.jsonl 完成：86.16K 篇，耗时 0m10s
[05:35:59]   处理 part_000275.jsonl (0.51 GB)…
[05:36:11]   part_000275.jsonl 完成：86.32K 篇，耗时 0m11s
[05:36:11]   处理 part_000276.jsonl (0.51 GB)…
[05:36:22]   part_000276.jsonl 完成：86.21K 篇，耗时 0m11s
[05:36:22]   处理 part_000277.jsonl (0.50 GB)…
[05:36:34]   part_000277.jsonl 完成：86.32K 篇，耗时 0m11s
[05:36:34]   处理 part_000278.jsonl (0.51 GB)…
[05:36:45]   part_000278.jsonl 完成：86.28K 篇，耗时 0m11s
[05:36:45]   处理 part_000279.jsonl (0.50 GB)…
[05:36:56]   part_000279.jsonl 完成：85.94K 篇，耗时 0m11s
[05:36:56]   处理 part_000280.jsonl (0.51 GB)…
[05:37:08]   part_000280.jsonl 完成：87.00K 篇，耗时 0m11s
[05:37:08]   处理 part_000281.jsonl (0.51 GB)…
[05:37:20]   part_000281.jsonl 完成：86.03K 篇，耗时 0m12s
[05:37:20]   处理 part_000282.jsonl (0.47 GB)…
[05:37:31]   part_000282.jsonl 完成：85.14K 篇，耗时 0m10s
[05:37:31]   处理 part_000283.jsonl (0.50 GB)…
[05:37:42]   part_000283.jsonl 完成：86.65K 篇，耗时 0m10s
[05:37:42]   处理 part_000284.jsonl (0.53 GB)…
[05:37:54]   part_000284.jsonl 完成：86.41K 篇，耗时 0m11s
[05:37:54]   处理 part_000285.jsonl (0.52 GB)…
[05:38:06]   part_000285.jsonl 完成：86.00K 篇，耗时 0m12s
[05:38:06]   处理 part_000286.jsonl (0.64 GB)…
[05:38:21]     102.47K 篇文档 | 21.62B train tokens | 6908 篇/s
[05:38:21]   part_000286.jsonl 完成：102.47K 篇，耗时 0m14s
[05:38:21]   处理 part_000287.jsonl (1.04 GB)…
[05:38:40]     112.64K 篇文档 | 21.78B train tokens | 5935 篇/s
[05:38:47]   part_000287.jsonl 完成：154.12K 篇，耗时 0m25s
[05:38:47]   处理 part_000288.jsonl (1.03 GB)…
[05:39:07]     112.64K 篇文档 | 22.00B train tokens | 5701 篇/s
[05:39:13]   part_000288.jsonl 完成：153.24K 篇，耗时 0m26s
[05:39:13]   处理 part_000289.jsonl (1.04 GB)…
[05:39:32]     112.64K 篇文档 | 22.22B train tokens | 6122 篇/s
[05:39:39]   part_000289.jsonl 完成：154.20K 篇，耗时 0m25s
[05:39:39]   处理 part_000290.jsonl (1.04 GB)…
[05:39:57]     112.64K 篇文档 | 22.44B train tokens | 6064 篇/s
[05:40:04]   part_000290.jsonl 完成：154.25K 篇，耗时 0m25s
[05:40:04]   处理 part_000291.jsonl (1.04 GB)…
[05:40:22]     112.64K 篇文档 | 22.66B train tokens | 6194 篇/s
[05:40:29]   part_000291.jsonl 完成：154.10K 篇，耗时 0m25s
[05:40:29]   处理 part_000292.jsonl (1.04 GB)…
[05:40:47]     112.64K 篇文档 | 22.88B train tokens | 6158 篇/s
[05:40:54]   part_000292.jsonl 完成：153.86K 篇，耗时 0m24s
[05:40:54]   处理 part_000293.jsonl (1.04 GB)…
[05:41:12]     112.64K 篇文档 | 23.10B train tokens | 6154 篇/s
[05:41:19]   part_000293.jsonl 完成：153.75K 篇，耗时 0m25s
[05:41:19]   处理 part_000294.jsonl (1.04 GB)…
[05:41:37]     112.64K 篇文档 | 23.32B train tokens | 6219 篇/s
[05:41:43]   part_000294.jsonl 完成：154.13K 篇，耗时 0m24s
[05:41:43]   处理 part_000295.jsonl (1.05 GB)…
[05:42:02]     112.64K 篇文档 | 23.54B train tokens | 6174 篇/s
[05:42:08]   part_000295.jsonl 完成：154.56K 篇，耗时 0m24s
[05:42:08]   处理 part_000296.jsonl (1.04 GB)…
[05:42:27]     112.64K 篇文档 | 23.76B train tokens | 6110 篇/s
[05:42:34]   part_000296.jsonl 完成：154.13K 篇，耗时 0m25s
[05:42:34]   处理 part_000297.jsonl (1.04 GB)…
[05:42:52]     112.64K 篇文档 | 23.98B train tokens | 6180 篇/s
[05:42:59]   part_000297.jsonl 完成：154.61K 篇，耗时 0m25s
[05:42:59]   处理 part_000298.jsonl (1.03 GB)…
[05:43:17]     112.64K 篇文档 | 24.20B train tokens | 6094 篇/s
[05:43:23]   part_000298.jsonl 完成：153.11K 篇，耗时 0m24s
[05:43:24]   处理 part_000299.jsonl (1.03 GB)…
[05:43:41]     112.64K 篇文档 | 24.41B train tokens | 6320 篇/s
[05:43:48]   part_000299.jsonl 完成：153.81K 篇，耗时 0m24s
[05:43:49] 完成预分词：18.56M 篇文档 -> train 42.87B tokens (834 片) + val 5.00M tokens，总耗时 47m10s
[05:43:49] 总耗时 47m10s
